ts,videoBitrate,videoIndex,videoPendingIndex,videoPendingMaxIndex,videoMaxIndex,videoBufferLength,videoDroppedFrames,videoLatencyCount,videoLatency,videoDownloadCount,videoDownload,videoRatioCount,videoRatio,videoMtp,videoEtp,videoLiveLatency,videoPlaybackRate,audioBitrate,audioIndex,audioPendingIndex,audioPendingMaxIndex,audioMaxIndex,audioBufferLength,audioDroppedFrames,audioLatencyCount,audioLatency,audioDownloadCount,audioDownload,audioRatioCount,audioRatio,audioMtp,audioEtp,Throughput,audioLiveLatency,audioPlaybackRate
17261541136,3843,8,8,8,0,0,0,0,,0,,0,,0,0,0,1,0,0,0,0,0,0,0,0,,0,,0,,0,0,7654,0,1
17261541137,3843,8,8,8,0,0,0,0,,0,,0,,0,0,0,1,0,0,0,0,0,0,0,0,,0,,0,,0,0,7654,0,1
17261541138,3843,8,8,8,8,4.669,0,0,0.11 | 0.11 | 0.11,0,0.63 | 0.63 | 0.63,0,6.39 | 6.39 | 6.39,7.654,0.000,0,1,0,0,0,0,-1,0,0,0,,0,,0,,0,0,7654,0,1
17261541139,3843,8,8,8,8,4.669,0,0,0.11 | 0.11 | 0.11,0,0.63 | 0.63 | 0.63,0,6.39 | 6.39 | 6.39,7.654,0.000,0,1,0,0,0,0,-1,0,0,0,,0,,0,,0,0,8644,0,1
17261541140,3843,8,8,8,8,4.669,0,0,0.11 | 0.11 | 0.11,0,0.63 | 0.63 | 0.63,0,6.39 | 6.39 | 6.39,7.654,0.000,0,1,0,0,0,0,-1,0,0,0,,0,,0,,0,0,8644,0,1
17261541141,3843,8,8,8,8,4.669,0,0,0.11 | 0.11 | 0.11,0,0.63 | 0.63 | 0.63,0,6.39 | 6.39 | 6.39,7.654,0.000,0,1,0,0,0,0,-1,0,0,0,,0,,0,,0,0,8644,0,1
17261541142,3843,8,8,8,8,4.669,0,0,0.11 | 0.11 | 0.11,0,0.63 | 0.63 | 0.63,0,6.39 | 6.39 | 6.39,7.654,0.000,0,1,0,0,0,0,-1,0,0,0,,0,,0,,0,0,8644,0,1
17261541143,3843,8,8,8,8,4.669,0,0,0.11 | 0.11 | 0.11,0,0.63 | 0.63 | 0.63,0,6.39 | 6.39 | 6.39,7.654,0.000,0,1,0,0,0,0,-1,0,0,0,,0,,0,,0,0,8644,0,1
17261541144,3843,8,8,8,8,4.669,0,0,0.11 | 0.11 | 0.11,0,0.63 | 0.63 | 0.63,0,6.39 | 6.39 | 6.39,7.654,0.000,0,1,0,0,0,0,-1,0,0,0,,0,,0,,0,0,8644,0,1
17261541145,3843,8,8,8,8,4.669,0,0,0.11 | 0.11 | 0.11,0,0.63 | 0.63 | 0.63,0,6.39 | 6.39 | 6.39,7.654,0.000,0,1,0,0,0,0,-1,0,0,0,,0,,0,,0,0,8644,0,1
17261541146,3843,8,8,8,8,4.669,0,0,0.11 | 0.11 | 0.11,0,0.63 | 0.63 | 0.63,0,6.39 | 6.39 | 6.39,7.654,0.000,0,1,0,0,0,0,-1,0,0,0,,0,,0,,0,0,8644,0,1
17261541147,3843,8,8,8,8,4.669,0,0,0.11 | 0.11 | 0.11,0,0.63 | 0.63 | 0.63,0,6.39 | 6.39 | 6.39,7.654,0.000,0,1,0,0,0,0,-1,0,0,0,,0,,0,,0,0,8644,0,1
17261541148,3843,8,8,8,8,6.931,0,0,0.11 | 0.11 | 0.11,0,0.23 | 0.43 | 0.63,0,6.39 | 9.40 | 17.78,8.644,0.000,0,1,0,0,0,0,-1,0,0,0,,0,,0,,0,0,8644,0,1
17261541149,3843,8,8,8,8,6.931,0,0,0.11 | 0.11 | 0.11,0,0.23 | 0.43 | 0.63,0,6.39 | 9.40 | 17.78,8.644,0.000,0,1,0,0,0,0,-1,0,0,0,,0,,0,,0,0,8644,0,1
17261541150,3843,8,8,8,8,6.931,0,0,0.11 | 0.11 | 0.11,0,0.23 | 0.43 | 0.63,0,6.39 | 9.40 | 17.78,8.644,0.000,0,1,0,0,0,0,-1,0,0,0,,0,,0,,0,0,8644,0,1
17261541151,3843,8,8,8,8,6.931,0,0,0.11 | 0.11 | 0.11,0,0.23 | 0.43 | 0.63,0,6.39 | 9.40 | 17.78,8.644,0.000,0,1,0,0,0,0,-1,0,0,0,,0,,0,,0,0,8644,0,1
17261541152,3843,8,8,8,8,6.931,0,0,0.11 | 0.11 | 0.11,0,0.23 | 0.43 | 0.63,0,6.39 | 9.40 | 17.78,8.644,0.000,0,1,0,0,0,0,-1,0,0,0,,0,,0,,0,0,8644,0,1
17261541153,3843,8,8,8,8,6.931,0,0,0.11 | 0.11 | 0.11,0,0.23 | 0.43 | 0.63,0,6.39 | 9.40 | 17.78,8.644,0.000,0,1,0,0,0,0,-1,0,0,0,,0,,0,,0,0,8644,0,1
17261541154,3843,8,8,8,8,6.931,0,0,0.11 | 0.11 | 0.11,0,0.23 | 0.43 | 0.63,0,6.39 | 9.40 | 17.78,8.644,0.000,0,1,0,0,0,0,-1,0,0,0,,0,,0,,0,0,8644,0,1
17261541155,3843,8,8,8,8,6.931,0,0,0.11 | 0.11 | 0.11,0,0.23 | 0.43 | 0.63,0,6.39 | 9.40 | 17.78,8.644,0.000,0,1,0,0,0,0,-1,0,0,0,,0,,0,,0,0,8644,0,1
17261541156,3843,8,8,8,8,6.931,0,0,0.11 | 0.11 | 0.11,0,0.23 | 0.43 | 0.63,0,6.39 | 9.40 | 17.78,8.644,0.000,0,1,0,0,0,0,-1,0,0,0,,0,,0,,0,0,8644,0,1
17261541157,3843,8,8,8,8,6.931,0,0,0.11 | 0.11 | 0.11,0,0.23 | 0.43 | 0.63,0,6.39 | 9.40 | 17.78,8.644,0.000,0,1,0,0,0,0,-1,0,0,0,,0,,0,,0,0,8644,0,1
17261541158,3843,8,8,8,8,5.869,0,0,0.11 | 0.11 | 0.11,0,0.23 | 0.43 | 0.63,0,6.39 | 9.40 | 17.78,8.644,0.000,0,1,0,0,0,0,-1,0,0,0,,0,,0,,0,0,8644,0,1
17261541159,3843,8,8,8,8,5.869,0,0,0.11 | 0.11 | 0.11,0,0.23 | 0.43 | 0.63,0,6.39 | 9.40 | 17.78,8.644,0.000,0,1,0,0,0,0,-1,0,0,0,,0,,0,,0,0,8644,0,1
17261541160,3843,8,8,8,8,5.869,0,0,0.11 | 0.11 | 0.11,0,0.23 | 0.43 | 0.63,0,6.39 | 9.40 | 17.78,8.644,0.000,0,1,0,0,0,0,-1,0,0,0,,0,,0,,0,0,8644,0,1
17261541161,3843,8,8,8,8,5.869,0,0,0.11 | 0.11 | 0.11,0,0.23 | 0.43 | 0.63,0,6.39 | 9.40 | 17.78,8.644,0.000,0,1,0,0,0,0,-1,0,0,0,,0,,0,,0,0,8644,0,1
17261541162,3843,8,8,8,8,5.869,0,0,0.11 | 0.11 | 0.11,0,0.23 | 0.43 | 0.63,0,6.39 | 9.40 | 17.78,8.644,0.000,0,1,0,0,0,0,-1,0,0,0,,0,,0,,0,0,8644,0,1
17261541163,3843,8,8,8,8,5.869,0,0,0.11 | 0.11 | 0.11,0,0.23 | 0.43 | 0.63,0,6.39 | 9.40 | 17.78,8.644,0.000,0,1,0,0,0,0,-1,0,0,0,,0,,0,,0,0,8924.333333333334,0,1
17261541164,3843,8,8,8,8,5.869,0,0,0.11 | 0.11 | 0.11,0,0.23 | 0.43 | 0.63,0,6.39 | 9.40 | 17.78,8.644,0.000,0,1,0,0,0,0,-1,0,0,0,,0,,0,,0,0,8924.333333333334,0,1
17261541165,3843,8,8,8,8,5.869,0,0,0.11 | 0.11 | 0.11,0,0.23 | 0.43 | 0.63,0,6.39 | 9.40 | 17.78,8.644,0.000,0,1,0,0,0,0,-1,0,0,0,,0,,0,,0,0,8924.333333333334,0,1
17261541166,3843,8,8,8,8,5.869,0,0,0.11 | 0.11 | 0.11,0,0.23 | 0.43 | 0.63,0,6.39 | 9.40 | 17.78,8.644,0.000,0,1,0,0,0,0,-1,0,0,0,,0,,0,,0,0,8924.333333333334,0,1
17261541167,3843,8,8,8,8,5.869,0,0,0.11 | 0.11 | 0.11,0,0.23 | 0.43 | 0.63,0,6.39 | 9.40 | 17.78,8.644,0.000,0,1,0,0,0,0,-1,0,0,0,,0,,0,,0,0,8924.333333333334,0,1
17261541168,3843,8,8,8,8,9.606,0,0,0.11 | 0.11 | 0.11,0,0.23 | 1.07 | 2.35,0,1.70 | 3.75 | 17.78,8.924,0.000,0,1,0,0,0,0,-1,0,0,0,,0,,0,,0,0,8924.333333333334,0,1
17261541169,3843,8,8,8,8,9.606,0,0,0.11 | 0.11 | 0.11,0,0.23 | 1.07 | 2.35,0,1.70 | 3.75 | 17.78,8.924,0.000,0,1,0,0,0,0,-1,0,0,0,,0,,0,,0,0,8924.333333333334,0,1
17261541170,3843,8,8,8,8,9.606,0,0,0.11 | 0.11 | 0.11,0,0.23 | 1.07 | 2.35,0,1.70 | 3.75 | 17.78,8.924,0.000,0,1,0,0,0,0,-1,0,0,0,,0,,0,,0,0,8924.333333333334,0,1
17261541171,3843,8,8,8,8,9.606,0,0,0.11 | 0.11 | 0.11,0,0.23 | 1.07 | 2.35,0,1.70 | 3.75 | 17.78,8.924,0.000,0,1,0,0,0,0,-1,0,0,0,,0,,0,,0,0,8924.333333333334,0,1
17261541172,3843,8,8,8,8,9.606,0,0,0.11 | 0.11 | 0.11,0,0.23 | 1.07 | 2.35,0,1.70 | 3.75 | 17.78,8.924,0.000,0,1,0,0,0,0,-1,0,0,0,,0,,0,,0,0,8924.333333333334,0,1
17261541173,3843,8,8,8,8,9.606,0,0,0.11 | 0.11 | 0.11,0,0.23 | 1.07 | 2.35,0,1.70 | 3.75 | 17.78,8.924,0.000,0,1,0,0,0,0,-1,0,0,0,,0,,0,,0,0,8924.333333333334,0,1
17261541174,3843,8,8,8,8,9.606,0,0,0.11 | 0.11 | 0.11,0,0.23 | 1.07 | 2.35,0,1.70 | 3.75 | 17.78,8.924,0.000,0,1,0,0,0,0,-1,0,0,0,,0,,0,,0,0,8924.333333333334,0,1
17261541175,3843,8,8,8,8,9.606,0,0,0.11 | 0.11 | 0.11,0,0.23 | 1.07 | 2.35,0,1.70 | 3.75 | 17.78,8.924,0.000,0,1,0,0,0,0,-1,0,0,0,,0,,0,,0,0,8924.333333333334,0,1
17261541182,3843,8,8,8,8,9.606,0,0,0.11 | 0.11 | 0.11,0,0.23 | 1.07 | 2.35,0,1.70 | 3.75 | 17.78,8.924,0.000,0,1,0,0,0,0,-1,0,0,0,,0,,0,,0,0,9062.5,0,1
17261541192,3843,8,8,8,8,11.914,0,0,0.11 | 0.11 | 0.11,0,0.23 | 1.13 | 2.35,0,1.70 | 3.54 | 17.78,9.063,0.000,0,1,0,0,0,0,-1,0,0,0,,0,,0,,0,0,9062.5,0,1
17261541202,3843,8,8,8,8,11.914,0,0,0.11 | 0.11 | 0.11,0,0.23 | 1.13 | 2.35,0,1.70 | 3.54 | 17.78,9.063,0.000,0,1,0,0,0,0,-1,0,0,0,,0,,0,,0,0,9522.75,0,1
17261541212,3843,8,8,8,8,16.714,0,0,0.11 | 0.11 | 0.11,0,0.23 | 1.40 | 2.35,0,1.70 | 2.85 | 17.78,9.523,0.000,0,1,0,0,0,0,-1,0,0,0,,0,,0,,0,0,9486.25,0,1
17261541222,3843,8,8,8,8,19.914,0,0,0.11 | 0.11 | 0.11,0,1.31 | 1.72 | 2.35,0,1.70 | 2.32 | 3.05,9.486,0.000,0,1,0,0,0,0,-1,0,0,0,,0,,0,,0,0,9486.25,0,1
17261541232,3843,8,8,8,8,19.914,0,0,0.11 | 0.11 | 0.11,0,1.31 | 1.72 | 2.35,0,1.70 | 2.32 | 3.05,9.486,0.000,0,1,0,0,0,0,-1,0,0,0,,0,,0,,0,0,9486.25,0,1
17261541242,3843,8,8,8,8,19.914,0,0,0.11 | 0.11 | 0.11,0,1.31 | 1.72 | 2.35,0,1.70 | 2.32 | 3.05,9.486,0.000,0,1,0,0,0,0,-1,0,0,0,,0,,0,,0,0,9083.5,0,1
17261541252,3843,8,8,8,8,24.714,0,0,0.11 | 0.11 | 0.11,0,1.31 | 1.67 | 2.13,0,1.88 | 2.40 | 3.05,9.084,0.000,0,1,0,0,0,0,-1,0,0,0,,0,,0,,0,0,9088,0,1
17261541262,3843,8,8,8,8,27.914,0,0,0.11 | 0.11 | 0.11,0,1.36 | 1.68 | 2.13,0,1.88 | 2.38 | 2.95,9.088,0.000,0,1,0,0,0,0,-1,0,0,0,,0,,0,,0,0,9088,0,1
17261541272,3843,8,8,8,8,27.914,0,0,0.11 | 0.11 | 0.11,0,1.36 | 1.68 | 2.13,0,1.88 | 2.38 | 2.95,9.088,0.000,0,1,0,0,0,0,-1,0,0,0,,0,,0,,0,0,9086.5,0,1
17261541282,3843,8,8,8,8,32.714,0,0,0.11 | 0.11 | 0.11,0,1.36 | 1.75 | 2.13,0,1.88 | 2.29 | 2.95,9.086,0.000,0,1,0,0,0,0,-1,0,0,0,,0,,0,,0,0,9086.5,0,1
17261541292,3843,8,8,8,8,32.714,0,0,0.11 | 0.11 | 0.11,0,1.36 | 1.75 | 2.13,0,1.88 | 2.29 | 2.95,9.086,0.000,0,1,0,0,0,0,-1,0,0,0,,0,,0,,0,0,9086.5,0,1
17261541302,3843,8,8,8,8,32.714,0,0,0.11 | 0.11 | 0.11,0,1.36 | 1.75 | 2.13,0,1.88 | 2.29 | 2.95,9.086,0.000,0,1,0,0,0,0,-1,0,0,0,,0,,0,,0,0,9086.5,0,1
17261541312,3843,8,8,8,8,32.714,0,0,0.11 | 0.11 | 0.11,0,1.36 | 1.75 | 2.13,0,1.88 | 2.29 | 2.95,9.086,0.000,0,1,0,0,0,0,-1,0,0,0,,0,,0,,0,0,9086.5,0,1
17261541322,3843,8,8,8,8,32.714,0,0,0.11 | 0.11 | 0.11,0,1.36 | 1.75 | 2.13,0,1.88 | 2.29 | 2.95,9.086,0.000,0,1,0,0,0,0,-1,0,0,0,,0,,0,,0,0,9086.5,0,1
17261541332,3843,8,8,8,8,32.714,0,0,0.11 | 0.11 | 0.11,0,1.36 | 1.75 | 2.13,0,1.88 | 2.29 | 2.95,9.086,0.000,0,1,0,0,0,0,-1,0,0,0,,0,,0,,0,0,9086.5,0,1
17261541342,3843,8,8,8,8,32.714,0,0,0.11 | 0.11 | 0.11,0,1.36 | 1.75 | 2.13,0,1.88 | 2.29 | 2.95,9.086,0.000,0,1,0,0,0,0,-1,0,0,0,,0,,0,,0,0,9086.5,0,1
17261541352,3843,8,8,8,8,32.714,0,0,0.11 | 0.11 | 0.11,0,1.36 | 1.75 | 2.13,0,1.88 | 2.29 | 2.95,9.086,0.000,0,1,0,0,0,0,-1,0,0,0,,0,,0,,0,0,9086.5,0,1
17261541362,3843,8,8,8,8,32.714,0,0,0.11 | 0.11 | 0.11,0,1.36 | 1.75 | 2.13,0,1.88 | 2.29 | 2.95,9.086,0.000,0,1,0,0,0,0,-1,0,0,0,,0,,0,,0,0,9086.5,0,1
17261541372,3843,8,8,8,8,32.714,0,0,0.11 | 0.11 | 0.11,0,1.36 | 1.75 | 2.13,0,1.88 | 2.29 | 2.95,9.086,0.000,0,1,0,0,0,0,-1,0,0,0,,0,,0,,0,0,9086.5,0,1
17261541382,3843,8,8,8,8,32.714,0,0,0.11 | 0.11 | 0.11,0,1.36 | 1.75 | 2.13,0,1.88 | 2.29 | 2.95,9.086,0.000,0,1,0,0,0,0,-1,0,0,0,,0,,0,,0,0,9086.5,0,1
17261541392,3843,8,8,8,8,32.714,0,0,0.11 | 0.11 | 0.11,0,1.36 | 1.75 | 2.13,0,1.88 | 2.29 | 2.95,9.086,0.000,0,1,0,0,0,0,-1,0,0,0,,0,,0,,0,0,9086.5,0,1
17261541402,3843,8,8,8,8,32.714,0,0,0.11 | 0.11 | 0.11,0,1.36 | 1.75 | 2.13,0,1.88 | 2.29 | 2.95,9.086,0.000,0,1,0,0,0,0,-1,0,0,0,,0,,0,,0,0,9086.5,0,1
17261541412,3843,8,8,8,8,32.714,0,0,0.11 | 0.11 | 0.11,0,1.36 | 1.75 | 2.13,0,1.88 | 2.29 | 2.95,9.086,0.000,0,1,0,0,0,0,-1,0,0,0,,0,,0,,0,0,9086.5,0,1
17261541422,3843,8,8,8,8,32.714,0,0,0.11 | 0.11 | 0.11,0,1.36 | 1.75 | 2.13,0,1.88 | 2.29 | 2.95,9.086,0.000,0,1,0,0,0,0,-1,0,0,0,,0,,0,,0,0,9086.5,0,1
17261541432,3843,8,8,8,8,32.714,0,0,0.11 | 0.11 | 0.11,0,1.36 | 1.75 | 2.13,0,1.88 | 2.29 | 2.95,9.086,0.000,0,1,0,0,0,0,-1,0,0,0,,0,,0,,0,0,9086.5,0,1
17261541442,3843,8,8,8,8,32.714,0,0,0.11 | 0.11 | 0.11,0,1.36 | 1.75 | 2.13,0,1.88 | 2.29 | 2.95,9.086,0.000,0,1,0,0,0,0,-1,0,0,0,,0,,0,,0,0,9086.5,0,1
17261541452,3843,8,8,8,8,32.714,0,0,0.11 | 0.11 | 0.11,0,1.36 | 1.75 | 2.13,0,1.88 | 2.29 | 2.95,9.086,0.000,0,1,0,0,0,0,-1,0,0,0,,0,,0,,0,0,9086.5,0,1
17261541462,3843,8,8,8,8,32.714,0,0,0.11 | 0.11 | 0.11,0,1.36 | 1.75 | 2.13,0,1.88 | 2.29 | 2.95,9.086,0.000,0,1,0,0,0,0,-1,0,0,0,,0,,0,,0,0,9086.5,0,1
17261541472,3843,8,8,8,8,32.714,0,0,0.11 | 0.11 | 0.11,0,1.36 | 1.75 | 2.13,0,1.88 | 2.29 | 2.95,9.086,0.000,0,1,0,0,0,0,-1,0,0,0,,0,,0,,0,0,9086.5,0,1
17261541482,3843,8,8,8,8,32.714,0,0,0.11 | 0.11 | 0.11,0,1.36 | 1.75 | 2.13,0,1.88 | 2.29 | 2.95,9.086,0.000,0,1,0,0,0,0,-1,0,0,0,,0,,0,,0,0,9086.5,0,1
17261541492,3843,8,8,8,8,32.714,0,0,0.11 | 0.11 | 0.11,0,1.36 | 1.75 | 2.13,0,1.88 | 2.29 | 2.95,9.086,0.000,0,1,0,0,0,0,-1,0,0,0,,0,,0,,0,0,9086.5,0,1
17261541502,3843,8,8,8,8,32.714,0,0,0.11 | 0.11 | 0.11,0,1.36 | 1.75 | 2.13,0,1.88 | 2.29 | 2.95,9.086,0.000,0,1,0,0,0,0,-1,0,0,0,,0,,0,,0,0,9086.5,0,1
17261541512,3843,8,8,8,8,32.714,0,0,0.11 | 0.11 | 0.11,0,1.36 | 1.75 | 2.13,0,1.88 | 2.29 | 2.95,9.086,0.000,0,1,0,0,0,0,-1,0,0,0,,0,,0,,0,0,9086.5,0,1
17261541522,3843,8,8,8,8,32.714,0,0,0.11 | 0.11 | 0.11,0,1.36 | 1.75 | 2.13,0,1.88 | 2.29 | 2.95,9.086,0.000,0,1,0,0,0,0,-1,0,0,0,,0,,0,,0,0,9086.5,0,1
17261541532,3843,8,8,8,8,32.714,0,0,0.11 | 0.11 | 0.11,0,1.36 | 1.75 | 2.13,0,1.88 | 2.29 | 2.95,9.086,0.000,0,1,0,0,0,0,-1,0,0,0,,0,,0,,0,0,9086.5,0,1
17261541542,3843,8,8,8,8,32.714,0,0,0.11 | 0.11 | 0.11,0,1.36 | 1.75 | 2.13,0,1.88 | 2.29 | 2.95,9.086,0.000,0,1,0,0,0,0,-1,0,0,0,,0,,0,,0,0,9086.5,0,1
17261541552,3843,8,8,8,8,32.714,0,0,0.11 | 0.11 | 0.11,0,1.36 | 1.75 | 2.13,0,1.88 | 2.29 | 2.95,9.086,0.000,0,1,0,0,0,0,-1,0,0,0,,0,,0,,0,0,9086.5,0,1
17261541562,3843,8,8,8,8,32.714,0,0,0.11 | 0.11 | 0.11,0,1.36 | 1.75 | 2.13,0,1.88 | 2.29 | 2.95,9.086,0.000,0,1,0,0,0,0,-1,0,0,0,,0,,0,,0,0,9086.5,0,1
17261541572,3843,8,8,8,8,32.714,0,0,0.11 | 0.11 | 0.11,0,1.36 | 1.75 | 2.13,0,1.88 | 2.29 | 2.95,9.086,0.000,0,1,0,0,0,0,-1,0,0,0,,0,,0,,0,0,9086.5,0,1
17261541582,3843,8,8,8,8,32.714,0,0,0.11 | 0.11 | 0.11,0,1.36 | 1.75 | 2.13,0,1.88 | 2.29 | 2.95,9.086,0.000,0,1,0,0,0,0,-1,0,0,0,,0,,0,,0,0,9086.5,0,1
17261541592,3843,8,8,8,8,32.714,0,0,0.11 | 0.11 | 0.11,0,1.36 | 1.75 | 2.13,0,1.88 | 2.29 | 2.95,9.086,0.000,0,1,0,0,0,0,-1,0,0,0,,0,,0,,0,0,9086.5,0,1
17261541602,3843,8,8,8,8,32.714,0,0,0.11 | 0.11 | 0.11,0,1.36 | 1.75 | 2.13,0,1.88 | 2.29 | 2.95,9.086,0.000,0,1,0,0,0,0,-1,0,0,0,,0,,0,,0,0,9086.5,0,1
17261541612,3843,8,8,8,8,32.714,0,0,0.11 | 0.11 | 0.11,0,1.36 | 1.75 | 2.13,0,1.88 | 2.29 | 2.95,9.086,0.000,0,1,0,0,0,0,-1,0,0,0,,0,,0,,0,0,9086.5,0,1
17261541622,3843,8,8,8,8,32.714,0,0,0.11 | 0.11 | 0.11,0,1.36 | 1.75 | 2.13,0,1.88 | 2.29 | 2.95,9.086,0.000,0,1,0,0,0,0,-1,0,0,0,,0,,0,,0,0,9086.5,0,1
17261541632,3843,8,8,8,8,32.714,0,0,0.11 | 0.11 | 0.11,0,1.36 | 1.75 | 2.13,0,1.88 | 2.29 | 2.95,9.086,0.000,0,1,0,0,0,0,-1,0,0,0,,0,,0,,0,0,9086.5,0,1
17261541642,3843,8,8,8,8,32.714,0,0,0.11 | 0.11 | 0.11,0,1.36 | 1.75 | 2.13,0,1.88 | 2.29 | 2.95,9.086,0.000,0,1,0,0,0,0,-1,0,0,0,,0,,0,,0,0,9086.5,0,1
17261541652,3843,8,8,8,8,32.714,0,0,0.11 | 0.11 | 0.11,0,1.36 | 1.75 | 2.13,0,1.88 | 2.29 | 2.95,9.086,0.000,0,1,0,0,0,0,-1,0,0,0,,0,,0,,0,0,9086.5,0,1
17261541662,3843,8,8,8,8,32.714,0,0,0.11 | 0.11 | 0.11,0,1.36 | 1.75 | 2.13,0,1.88 | 2.29 | 2.95,9.086,0.000,0,1,0,0,0,0,-1,0,0,0,,0,,0,,0,0,9086.5,0,1
17261541672,3843,8,8,8,8,32.714,0,0,0.11 | 0.11 | 0.11,0,1.36 | 1.75 | 2.13,0,1.88 | 2.29 | 2.95,9.086,0.000,0,1,0,0,0,0,-1,0,0,0,,0,,0,,0,0,9086.5,0,1
17261541682,3843,8,8,8,8,32.714,0,0,0.11 | 0.11 | 0.11,0,1.36 | 1.75 | 2.13,0,1.88 | 2.29 | 2.95,9.086,0.000,0,1,0,0,0,0,-1,0,0,0,,0,,0,,0,0,9086.5,0,1
17261541692,3843,8,8,8,8,32.714,0,0,0.11 | 0.11 | 0.11,0,1.36 | 1.75 | 2.13,0,1.88 | 2.29 | 2.95,9.086,0.000,0,1,0,0,0,0,-1,0,0,0,,0,,0,,0,0,9086.5,0,1
17261541702,3843,8,8,8,8,32.714,0,0,0.11 | 0.11 | 0.11,0,1.36 | 1.75 | 2.13,0,1.88 | 2.29 | 2.95,9.086,0.000,0,1,0,0,0,0,-1,0,0,0,,0,,0,,0,0,9086.5,0,1
17261541712,3843,8,8,8,8,32.714,0,0,0.11 | 0.11 | 0.11,0,1.36 | 1.75 | 2.13,0,1.88 | 2.29 | 2.95,9.086,0.000,0,1,0,0,0,0,-1,0,0,0,,0,,0,,0,0,9086.5,0,1
17261541722,3843,8,8,8,8,32.714,0,0,0.11 | 0.11 | 0.11,0,1.36 | 1.75 | 2.13,0,1.88 | 2.29 | 2.95,9.086,0.000,0,1,0,0,0,0,-1,0,0,0,,0,,0,,0,0,9086.5,0,1
17261541732,3843,8,8,8,8,32.714,0,0,0.11 | 0.11 | 0.11,0,1.36 | 1.75 | 2.13,0,1.88 | 2.29 | 2.95,9.086,0.000,0,1,0,0,0,0,-1,0,0,0,,0,,0,,0,0,9086.5,0,1
17261541742,3843,8,8,8,8,32.714,0,0,0.11 | 0.11 | 0.11,0,1.36 | 1.75 | 2.13,0,1.88 | 2.29 | 2.95,9.086,0.000,0,1,0,0,0,0,-1,0,0,0,,0,,0,,0,0,9086.5,0,1
17261541752,3843,8,8,8,8,32.714,0,0,0.11 | 0.11 | 0.11,0,1.36 | 1.75 | 2.13,0,1.88 | 2.29 | 2.95,9.086,0.000,0,1,0,0,0,0,-1,0,0,0,,0,,0,,0,0,9086.5,0,1
17261541762,3843,8,8,8,8,32.714,0,0,0.11 | 0.11 | 0.11,0,1.36 | 1.75 | 2.13,0,1.88 | 2.29 | 2.95,9.086,0.000,0,1,0,0,0,0,-1,0,0,0,,0,,0,,0,0,9086.5,0,1
17261541772,3843,8,8,8,8,32.714,0,0,0.11 | 0.11 | 0.11,0,1.36 | 1.75 | 2.13,0,1.88 | 2.29 | 2.95,9.086,0.000,0,1,0,0,0,0,-1,0,0,0,,0,,0,,0,0,9086.5,0,1
17261542193,3843,8,8,8,8,32.714,0,0,0.11 | 0.11 | 0.11,0,1.36 | 1.75 | 2.13,0,1.88 | 2.29 | 2.95,9.086,0.000,0,1,0,0,0,0,-1,0,0,0,,0,,0,,0,0,9086.5,0,1
17261542194,3843,8,8,8,8,32.714,0,0,0.11 | 0.11 | 0.11,0,1.36 | 1.75 | 2.13,0,1.88 | 2.29 | 2.95,9.086,0.000,0,1,0,0,0,0,-1,0,0,0,,0,,0,,0,0,9086.5,0,1
17261542195,3843,8,8,8,8,32.714,0,0,0.11 | 0.11 | 0.11,0,1.36 | 1.75 | 2.13,0,1.88 | 2.29 | 2.95,9.086,0.000,0,1,0,0,0,0,-1,0,0,0,,0,,0,,0,0,9086.5,0,1
17261542196,3843,8,8,8,8,32.714,0,0,0.11 | 0.11 | 0.11,0,1.36 | 1.75 | 2.13,0,1.88 | 2.29 | 2.95,9.086,0.000,0,1,0,0,0,0,-1,0,0,0,,0,,0,,0,0,9086.5,0,1
17261542197,3843,8,8,8,8,32.714,0,0,0.11 | 0.11 | 0.11,0,1.36 | 1.75 | 2.13,0,1.88 | 2.29 | 2.95,9.086,0.000,0,1,0,0,0,0,-1,0,0,0,,0,,0,,0,0,9086.5,0,1
17261542198,3843,8,8,8,8,32.692,0,0,0.11 | 0.11 | 0.11,0,1.36 | 1.75 | 2.13,0,1.88 | 2.29 | 2.95,9.086,0.000,0,1,0,0,0,0,-1,0,0,0,,0,,0,,0,0,9086.5,0,1
17261542199,3843,8,8,8,8,32.692,0,0,0.11 | 0.11 | 0.11,0,1.36 | 1.75 | 2.13,0,1.88 | 2.29 | 2.95,9.086,0.000,0,1,0,0,0,0,-1,0,0,0,,0,,0,,0,0,9086.5,0,1
17261542200,3843,8,8,8,8,32.692,0,0,0.11 | 0.11 | 0.11,0,1.36 | 1.75 | 2.13,0,1.88 | 2.29 | 2.95,9.086,0.000,0,1,0,0,0,0,-1,0,0,0,,0,,0,,0,0,9086.5,0,1
17261542201,3843,8,8,8,8,32.692,0,0,0.11 | 0.11 | 0.11,0,1.36 | 1.75 | 2.13,0,1.88 | 2.29 | 2.95,9.086,0.000,0,1,0,0,0,0,-1,0,0,0,,0,,0,,0,0,9086.5,0,1
17261542202,3843,8,8,8,8,32.692,0,0,0.11 | 0.11 | 0.11,0,1.36 | 1.75 | 2.13,0,1.88 | 2.29 | 2.95,9.086,0.000,0,1,0,0,0,0,-1,0,0,0,,0,,0,,0,0,9086.5,0,1
17261542203,3843,8,8,8,8,32.692,0,0,0.11 | 0.11 | 0.11,0,1.36 | 1.75 | 2.13,0,1.88 | 2.29 | 2.95,9.086,0.000,0,1,0,0,0,0,-1,0,0,0,,0,,0,,0,0,9086.5,0,1
17261542204,3843,8,8,8,8,32.692,0,0,0.11 | 0.11 | 0.11,0,1.36 | 1.75 | 2.13,0,1.88 | 2.29 | 2.95,9.086,0.000,0,1,0,0,0,0,-1,0,0,0,,0,,0,,0,0,9086.5,0,1
17261542205,3843,8,8,8,8,32.692,0,0,0.11 | 0.11 | 0.11,0,1.36 | 1.75 | 2.13,0,1.88 | 2.29 | 2.95,9.086,0.000,0,1,0,0,0,0,-1,0,0,0,,0,,0,,0,0,9086.5,0,1
17261542206,3843,8,8,8,8,32.692,0,0,0.11 | 0.11 | 0.11,0,1.36 | 1.75 | 2.13,0,1.88 | 2.29 | 2.95,9.086,0.000,0,1,0,0,0,0,-1,0,0,0,,0,,0,,0,0,9086.5,0,1
17261542207,3843,8,8,8,8,32.692,0,0,0.11 | 0.11 | 0.11,0,1.36 | 1.75 | 2.13,0,1.88 | 2.29 | 2.95,9.086,0.000,0,1,0,0,0,0,-1,0,0,0,,0,,0,,0,0,9086.5,0,1
17261542208,3843,8,8,8,8,31.629,0,0,0.11 | 0.11 | 0.11,0,1.36 | 1.75 | 2.13,0,1.88 | 2.29 | 2.95,9.086,0.000,0,1,0,0,0,0,-1,0,0,0,,0,,0,,0,0,9086.5,0,1
17261542209,3843,8,8,8,8,31.629,0,0,0.11 | 0.11 | 0.11,0,1.36 | 1.75 | 2.13,0,1.88 | 2.29 | 2.95,9.086,0.000,0,1,0,0,0,0,-1,0,0,0,,0,,0,,0,0,9086.5,0,1
17261542210,3843,8,8,8,8,31.629,0,0,0.11 | 0.11 | 0.11,0,1.36 | 1.75 | 2.13,0,1.88 | 2.29 | 2.95,9.086,0.000,0,1,0,0,0,0,-1,0,0,0,,0,,0,,0,0,9086.5,0,1
17261542211,3843,8,8,8,8,31.629,0,0,0.11 | 0.11 | 0.11,0,1.36 | 1.75 | 2.13,0,1.88 | 2.29 | 2.95,9.086,0.000,0,1,0,0,0,0,-1,0,0,0,,0,,0,,0,0,9086.5,0,1
17261542212,3843,8,8,8,8,31.629,0,0,0.11 | 0.11 | 0.11,0,1.36 | 1.75 | 2.13,0,1.88 | 2.29 | 2.95,9.086,0.000,0,1,0,0,0,0,-1,0,0,0,,0,,0,,0,0,9086.5,0,1
17261542213,3843,8,8,8,8,31.629,0,0,0.11 | 0.11 | 0.11,0,1.36 | 1.75 | 2.13,0,1.88 | 2.29 | 2.95,9.086,0.000,0,1,0,0,0,0,-1,0,0,0,,0,,0,,0,0,9086.5,0,1
17261542214,3843,8,8,8,8,31.629,0,0,0.11 | 0.11 | 0.11,0,1.36 | 1.75 | 2.13,0,1.88 | 2.29 | 2.95,9.086,0.000,0,1,0,0,0,0,-1,0,0,0,,0,,0,,0,0,9086.5,0,1
17261542215,3843,8,8,8,8,31.629,0,0,0.11 | 0.11 | 0.11,0,1.36 | 1.75 | 2.13,0,1.88 | 2.29 | 2.95,9.086,0.000,0,1,0,0,0,0,-1,0,0,0,,0,,0,,0,0,9086.5,0,1
17261542216,3843,8,8,8,8,31.629,0,0,0.11 | 0.11 | 0.11,0,1.36 | 1.75 | 2.13,0,1.88 | 2.29 | 2.95,9.086,0.000,0,1,0,0,0,0,-1,0,0,0,,0,,0,,0,0,9086.5,0,1
17261542217,3843,8,8,8,8,31.629,0,0,0.11 | 0.11 | 0.11,0,1.36 | 1.75 | 2.13,0,1.88 | 2.29 | 2.95,9.086,0.000,0,1,0,0,0,0,-1,0,0,0,,0,,0,,0,0,9086.5,0,1
17261542218,3843,8,8,8,8,30.567,0,0,0.11 | 0.11 | 0.11,0,1.36 | 1.75 | 2.13,0,1.88 | 2.29 | 2.95,9.086,0.000,0,1,0,0,0,0,-1,0,0,0,,0,,0,,0,0,9086.5,0,1
17261542219,3843,8,8,8,8,30.567,0,0,0.11 | 0.11 | 0.11,0,1.36 | 1.75 | 2.13,0,1.88 | 2.29 | 2.95,9.086,0.000,0,1,0,0,0,0,-1,0,0,0,,0,,0,,0,0,9086.5,0,1
17261542220,3843,8,8,8,8,30.567,0,0,0.11 | 0.11 | 0.11,0,1.36 | 1.75 | 2.13,0,1.88 | 2.29 | 2.95,9.086,0.000,0,1,0,0,0,0,-1,0,0,0,,0,,0,,0,0,9086.5,0,1
17261542221,3843,8,8,8,8,30.567,0,0,0.11 | 0.11 | 0.11,0,1.36 | 1.75 | 2.13,0,1.88 | 2.29 | 2.95,9.086,0.000,0,1,0,0,0,0,-1,0,0,0,,0,,0,,0,0,9086.5,0,1
17261542222,3843,8,8,8,8,30.567,0,0,0.11 | 0.11 | 0.11,0,1.36 | 1.75 | 2.13,0,1.88 | 2.29 | 2.95,9.086,0.000,0,1,0,0,0,0,-1,0,0,0,,0,,0,,0,0,9086.5,0,1
17261542223,3843,8,8,8,8,30.567,0,0,0.11 | 0.11 | 0.11,0,1.36 | 1.75 | 2.13,0,1.88 | 2.29 | 2.95,9.086,0.000,0,1,0,0,0,0,-1,0,0,0,,0,,0,,0,0,9086.5,0,1
17261542224,3843,8,8,8,8,30.567,0,0,0.11 | 0.11 | 0.11,0,1.36 | 1.75 | 2.13,0,1.88 | 2.29 | 2.95,9.086,0.000,0,1,0,0,0,0,-1,0,0,0,,0,,0,,0,0,9086.5,0,1
17261542225,3843,8,8,8,8,30.567,0,0,0.11 | 0.11 | 0.11,0,1.36 | 1.75 | 2.13,0,1.88 | 2.29 | 2.95,9.086,0.000,0,1,0,0,0,0,-1,0,0,0,,0,,0,,0,0,9086.5,0,1
17261542226,3843,8,8,8,8,30.567,0,0,0.11 | 0.11 | 0.11,0,1.36 | 1.75 | 2.13,0,1.88 | 2.29 | 2.95,9.086,0.000,0,1,0,0,0,0,-1,0,0,0,,0,,0,,0,0,9086.5,0,1
17261542227,3843,8,8,8,8,30.567,0,0,0.11 | 0.11 | 0.11,0,1.36 | 1.75 | 2.13,0,1.88 | 2.29 | 2.95,9.086,0.000,0,1,0,0,0,0,-1,0,0,0,,0,,0,,0,0,9086.5,0,1
17261542228,3843,8,8,8,8,29.504,0,0,0.11 | 0.11 | 0.11,0,1.36 | 1.75 | 2.13,0,1.88 | 2.29 | 2.95,9.086,0.000,0,1,0,0,0,0,-1,0,0,0,,0,,0,,0,0,9086.5,0,1
17261542229,3843,8,8,8,8,29.504,0,0,0.11 | 0.11 | 0.11,0,1.36 | 1.75 | 2.13,0,1.88 | 2.29 | 2.95,9.086,0.000,0,1,0,0,0,0,-1,0,0,0,,0,,0,,0,0,9086.5,0,1
17261542230,3843,8,8,8,8,29.504,0,0,0.11 | 0.11 | 0.11,0,1.36 | 1.75 | 2.13,0,1.88 | 2.29 | 2.95,9.086,0.000,0,1,0,0,0,0,-1,0,0,0,,0,,0,,0,0,9086.5,0,1
17261542231,3843,8,8,8,8,29.504,0,0,0.11 | 0.11 | 0.11,0,1.36 | 1.75 | 2.13,0,1.88 | 2.29 | 2.95,9.086,0.000,0,1,0,0,0,0,-1,0,0,0,,0,,0,,0,0,9086.5,0,1
17261542232,3843,8,8,8,8,29.504,0,0,0.11 | 0.11 | 0.11,0,1.36 | 1.75 | 2.13,0,1.88 | 2.29 | 2.95,9.086,0.000,0,1,0,0,0,0,-1,0,0,0,,0,,0,,0,0,9086.5,0,1
17261542233,3843,8,8,8,8,29.504,0,0,0.11 | 0.11 | 0.11,0,1.36 | 1.75 | 2.13,0,1.88 | 2.29 | 2.95,9.086,0.000,0,1,0,0,0,0,-1,0,0,0,,0,,0,,0,0,9086.5,0,1
17261542234,3843,8,8,8,8,29.504,0,0,0.11 | 0.11 | 0.11,0,1.36 | 1.75 | 2.13,0,1.88 | 2.29 | 2.95,9.086,0.000,0,1,0,0,0,0,-1,0,0,0,,0,,0,,0,0,9086.5,0,1
17261542235,3843,8,8,8,8,29.504,0,0,0.11 | 0.11 | 0.11,0,1.36 | 1.75 | 2.13,0,1.88 | 2.29 | 2.95,9.086,0.000,0,1,0,0,0,0,-1,0,0,0,,0,,0,,0,0,9086.5,0,1
17261542242,3843,8,8,8,8,29.504,0,0,0.11 | 0.11 | 0.11,0,1.36 | 1.75 | 2.13,0,1.88 | 2.29 | 2.95,9.086,0.000,0,1,0,0,0,0,-1,0,0,0,,0,,0,,0,0,9086.5,0,1
17261542252,3843,8,8,8,8,28.714,0,0,0.11 | 0.11 | 0.11,0,1.36 | 1.75 | 2.13,0,1.88 | 2.29 | 2.95,9.086,0.000,0,1,0,0,0,0,-1,0,0,0,,0,,0,,0,0,8871,0,1
17261542262,3843,8,8,8,8,31.914,0,0,0.11 | 0.11 | 0.12,0,1.36 | 1.72 | 2.13,0,1.88 | 2.33 | 2.95,8.871,0.000,0,1,0,0,0,0,-1,0,0,0,,0,,0,,0,0,8871,0,1
17261542272,3843,8,8,8,8,31.914,0,0,0.11 | 0.11 | 0.12,0,1.36 | 1.72 | 2.13,0,1.88 | 2.33 | 2.95,8.871,0.000,0,1,0,0,0,0,-1,0,0,0,,0,,0,,0,0,8871,0,1
17261542282,3843,8,8,8,8,31.914,0,0,0.11 | 0.11 | 0.12,0,1.36 | 1.72 | 2.13,0,1.88 | 2.33 | 2.95,8.871,0.000,0,1,0,0,0,0,-1,0,0,0,,0,,0,,0,0,8871,0,1
17261542292,3843,8,8,8,8,31.914,0,0,0.11 | 0.11 | 0.12,0,1.36 | 1.72 | 2.13,0,1.88 | 2.33 | 2.95,8.871,0.000,0,1,0,0,0,0,-1,0,0,0,,0,,0,,0,0,8871,0,1
17261542302,3843,8,8,8,8,31.914,0,0,0.11 | 0.11 | 0.12,0,1.36 | 1.72 | 2.13,0,1.88 | 2.33 | 2.95,8.871,0.000,0,1,0,0,0,0,-1,0,0,0,,0,,0,,0,0,8871,0,1
17261542312,3843,8,8,8,8,31.914,0,0,0.11 | 0.11 | 0.12,0,1.36 | 1.72 | 2.13,0,1.88 | 2.33 | 2.95,8.871,0.000,0,1,0,0,0,0,-1,0,0,0,,0,,0,,0,0,8871,0,1
17261542322,3843,8,8,8,8,31.914,0,0,0.11 | 0.11 | 0.12,0,1.36 | 1.72 | 2.13,0,1.88 | 2.33 | 2.95,8.871,0.000,0,1,0,0,0,0,-1,0,0,0,,0,,0,,0,0,8871,0,1
17261542332,3843,8,8,8,8,31.914,0,0,0.11 | 0.11 | 0.12,0,1.36 | 1.72 | 2.13,0,1.88 | 2.33 | 2.95,8.871,0.000,0,1,0,0,0,0,-1,0,0,0,,0,,0,,0,0,8871,0,1
17261542342,3843,8,8,8,8,31.914,0,0,0.11 | 0.11 | 0.12,0,1.36 | 1.72 | 2.13,0,1.88 | 2.33 | 2.95,8.871,0.000,0,1,0,0,0,0,-1,0,0,0,,0,,0,,0,0,8871,0,1
17261542352,3843,8,8,8,8,31.914,0,0,0.11 | 0.11 | 0.12,0,1.36 | 1.72 | 2.13,0,1.88 | 2.33 | 2.95,8.871,0.000,0,1,0,0,0,0,-1,0,0,0,,0,,0,,0,0,8871,0,1
17261542362,3843,8,8,8,8,31.914,0,0,0.11 | 0.11 | 0.12,0,1.36 | 1.72 | 2.13,0,1.88 | 2.33 | 2.95,8.871,0.000,0,1,0,0,0,0,-1,0,0,0,,0,,0,,0,0,8871,0,1
17261542372,3843,8,8,8,8,31.914,0,0,0.11 | 0.11 | 0.12,0,1.36 | 1.72 | 2.13,0,1.88 | 2.33 | 2.95,8.871,0.000,0,1,0,0,0,0,-1,0,0,0,,0,,0,,0,0,8871,0,1
17261542382,3843,8,8,8,8,31.914,0,0,0.11 | 0.11 | 0.12,0,1.36 | 1.72 | 2.13,0,1.88 | 2.33 | 2.95,8.871,0.000,0,1,0,0,0,0,-1,0,0,0,,0,,0,,0,0,8871,0,1
17261542392,3843,8,8,8,8,31.914,0,0,0.11 | 0.11 | 0.12,0,1.36 | 1.72 | 2.13,0,1.88 | 2.33 | 2.95,8.871,0.000,0,1,0,0,0,0,-1,0,0,0,,0,,0,,0,0,8871,0,1
17261542402,3843,8,8,8,8,31.914,0,0,0.11 | 0.11 | 0.12,0,1.36 | 1.72 | 2.13,0,1.88 | 2.33 | 2.95,8.871,0.000,0,1,0,0,0,0,-1,0,0,0,,0,,0,,0,0,8871,0,1
17261542412,3843,8,8,8,8,31.914,0,0,0.11 | 0.11 | 0.12,0,1.36 | 1.72 | 2.13,0,1.88 | 2.33 | 2.95,8.871,0.000,0,1,0,0,0,0,-1,0,0,0,,0,,0,,0,0,8871,0,1
17261542422,3843,8,8,8,8,31.914,0,0,0.11 | 0.11 | 0.12,0,1.36 | 1.72 | 2.13,0,1.88 | 2.33 | 2.95,8.871,0.000,0,1,0,0,0,0,-1,0,0,0,,0,,0,,0,0,8871,0,1
17261542432,3843,8,8,8,8,31.914,0,0,0.11 | 0.11 | 0.12,0,1.36 | 1.72 | 2.13,0,1.88 | 2.33 | 2.95,8.871,0.000,0,1,0,0,0,0,-1,0,0,0,,0,,0,,0,0,8871,0,1
17261542442,3843,8,8,8,8,31.914,0,0,0.11 | 0.11 | 0.12,0,1.36 | 1.72 | 2.13,0,1.88 | 2.33 | 2.95,8.871,0.000,0,1,0,0,0,0,-1,0,0,0,,0,,0,,0,0,8871,0,1
17261542452,3843,8,8,8,8,31.914,0,0,0.11 | 0.11 | 0.12,0,1.36 | 1.72 | 2.13,0,1.88 | 2.33 | 2.95,8.871,0.000,0,1,0,0,0,0,-1,0,0,0,,0,,0,,0,0,8871,0,1
17261542462,3843,8,8,8,8,31.914,0,0,0.11 | 0.11 | 0.12,0,1.36 | 1.72 | 2.13,0,1.88 | 2.33 | 2.95,8.871,0.000,0,1,0,0,0,0,-1,0,0,0,,0,,0,,0,0,8871,0,1
17261542472,3843,8,8,8,8,31.914,0,0,0.11 | 0.11 | 0.12,0,1.36 | 1.72 | 2.13,0,1.88 | 2.33 | 2.95,8.871,0.000,0,1,0,0,0,0,-1,0,0,0,,0,,0,,0,0,8871,0,1
17261542482,3843,8,8,8,8,31.914,0,0,0.11 | 0.11 | 0.12,0,1.36 | 1.72 | 2.13,0,1.88 | 2.33 | 2.95,8.871,0.000,0,1,0,0,0,0,-1,0,0,0,,0,,0,,0,0,8871,0,1
17261542492,3843,8,8,8,8,31.914,0,0,0.11 | 0.11 | 0.12,0,1.36 | 1.72 | 2.13,0,1.88 | 2.33 | 2.95,8.871,0.000,0,1,0,0,0,0,-1,0,0,0,,0,,0,,0,0,8871,0,1
17261542502,3843,8,8,8,8,31.914,0,0,0.11 | 0.11 | 0.12,0,1.36 | 1.72 | 2.13,0,1.88 | 2.33 | 2.95,8.871,0.000,0,1,0,0,0,0,-1,0,0,0,,0,,0,,0,0,8871,0,1
17261542512,3843,8,8,8,8,31.914,0,0,0.11 | 0.11 | 0.12,0,1.36 | 1.72 | 2.13,0,1.88 | 2.33 | 2.95,8.871,0.000,0,1,0,0,0,0,-1,0,0,0,,0,,0,,0,0,8871,0,1
17261542522,3843,8,8,8,8,31.914,0,0,0.11 | 0.11 | 0.12,0,1.36 | 1.72 | 2.13,0,1.88 | 2.33 | 2.95,8.871,0.000,0,1,0,0,0,0,-1,0,0,0,,0,,0,,0,0,8871,0,1
17261542532,3843,8,8,8,8,31.914,0,0,0.11 | 0.11 | 0.12,0,1.36 | 1.72 | 2.13,0,1.88 | 2.33 | 2.95,8.871,0.000,0,1,0,0,0,0,-1,0,0,0,,0,,0,,0,0,8871,0,1
17261542542,3843,8,8,8,8,31.914,0,0,0.11 | 0.11 | 0.12,0,1.36 | 1.72 | 2.13,0,1.88 | 2.33 | 2.95,8.871,0.000,0,1,0,0,0,0,-1,0,0,0,,0,,0,,0,0,8871,0,1
17261542552,3843,8,8,8,8,31.914,0,0,0.11 | 0.11 | 0.12,0,1.36 | 1.72 | 2.13,0,1.88 | 2.33 | 2.95,8.871,0.000,0,1,0,0,0,0,-1,0,0,0,,0,,0,,0,0,8871,0,1
17261542562,3843,8,8,8,8,31.914,0,0,0.11 | 0.11 | 0.12,0,1.36 | 1.72 | 2.13,0,1.88 | 2.33 | 2.95,8.871,0.000,0,1,0,0,0,0,-1,0,0,0,,0,,0,,0,0,8871,0,1
17261542572,3843,8,8,8,8,31.914,0,0,0.11 | 0.11 | 0.12,0,1.36 | 1.72 | 2.13,0,1.88 | 2.33 | 2.95,8.871,0.000,0,1,0,0,0,0,-1,0,0,0,,0,,0,,0,0,8871,0,1
17261542582,3843,8,8,8,8,31.914,0,0,0.11 | 0.11 | 0.12,0,1.36 | 1.72 | 2.13,0,1.88 | 2.33 | 2.95,8.871,0.000,0,1,0,0,0,0,-1,0,0,0,,0,,0,,0,0,8871,0,1
17261542592,3843,8,8,8,8,31.914,0,0,0.11 | 0.11 | 0.12,0,1.36 | 1.72 | 2.13,0,1.88 | 2.33 | 2.95,8.871,0.000,0,1,0,0,0,0,-1,0,0,0,,0,,0,,0,0,8871,0,1
17261542602,3843,8,8,8,8,31.914,0,0,0.11 | 0.11 | 0.12,0,1.36 | 1.72 | 2.13,0,1.88 | 2.33 | 2.95,8.871,0.000,0,1,0,0,0,0,-1,0,0,0,,0,,0,,0,0,8871,0,1
17261542612,3843,8,8,8,8,31.914,0,0,0.11 | 0.11 | 0.12,0,1.36 | 1.72 | 2.13,0,1.88 | 2.33 | 2.95,8.871,0.000,0,1,0,0,0,0,-1,0,0,0,,0,,0,,0,0,8871,0,1
17261542622,3843,8,8,8,8,31.914,0,0,0.11 | 0.11 | 0.12,0,1.36 | 1.72 | 2.13,0,1.88 | 2.33 | 2.95,8.871,0.000,0,1,0,0,0,0,-1,0,0,0,,0,,0,,0,0,8871,0,1
17261542632,3843,8,8,8,8,31.914,0,0,0.11 | 0.11 | 0.12,0,1.36 | 1.72 | 2.13,0,1.88 | 2.33 | 2.95,8.871,0.000,0,1,0,0,0,0,-1,0,0,0,,0,,0,,0,0,8871,0,1
17261542642,3843,8,8,8,8,31.914,0,0,0.11 | 0.11 | 0.12,0,1.36 | 1.72 | 2.13,0,1.88 | 2.33 | 2.95,8.871,0.000,0,1,0,0,0,0,-1,0,0,0,,0,,0,,0,0,8871,0,1
17261542652,3843,8,8,8,8,31.914,0,0,0.11 | 0.11 | 0.12,0,1.36 | 1.72 | 2.13,0,1.88 | 2.33 | 2.95,8.871,0.000,0,1,0,0,0,0,-1,0,0,0,,0,,0,,0,0,8871,0,1
17261542662,3843,8,8,8,8,31.914,0,0,0.11 | 0.11 | 0.12,0,1.36 | 1.72 | 2.13,0,1.88 | 2.33 | 2.95,8.871,0.000,0,1,0,0,0,0,-1,0,0,0,,0,,0,,0,0,8871,0,1
17261542672,3843,8,8,8,8,31.914,0,0,0.11 | 0.11 | 0.12,0,1.36 | 1.72 | 2.13,0,1.88 | 2.33 | 2.95,8.871,0.000,0,1,0,0,0,0,-1,0,0,0,,0,,0,,0,0,8871,0,1
17261542682,3843,8,8,8,8,31.914,0,0,0.11 | 0.11 | 0.12,0,1.36 | 1.72 | 2.13,0,1.88 | 2.33 | 2.95,8.871,0.000,0,1,0,0,0,0,-1,0,0,0,,0,,0,,0,0,8871,0,1
17261542692,3843,8,8,8,8,31.914,0,0,0.11 | 0.11 | 0.12,0,1.36 | 1.72 | 2.13,0,1.88 | 2.33 | 2.95,8.871,0.000,0,1,0,0,0,0,-1,0,0,0,,0,,0,,0,0,8871,0,1
17261542703,3843,8,8,8,8,31.914,0,0,0.11 | 0.11 | 0.12,0,1.36 | 1.72 | 2.13,0,1.88 | 2.33 | 2.95,8.871,0.000,0,1,0,0,0,0,-1,0,0,0,,0,,0,,0,0,8871,0,1
17261542712,3843,8,8,8,8,31.914,0,0,0.11 | 0.11 | 0.12,0,1.36 | 1.72 | 2.13,0,1.88 | 2.33 | 2.95,8.871,0.000,0,1,0,0,0,0,-1,0,0,0,,0,,0,,0,0,8871,0,1
17261542722,3843,8,8,8,8,31.914,0,0,0.11 | 0.11 | 0.12,0,1.36 | 1.72 | 2.13,0,1.88 | 2.33 | 2.95,8.871,0.000,0,1,0,0,0,0,-1,0,0,0,,0,,0,,0,0,8871,0,1
17261542732,3843,8,8,8,8,31.914,0,0,0.11 | 0.11 | 0.12,0,1.36 | 1.72 | 2.13,0,1.88 | 2.33 | 2.95,8.871,0.000,0,1,0,0,0,0,-1,0,0,0,,0,,0,,0,0,8871,0,1
17261542742,3843,8,8,8,8,31.914,0,0,0.11 | 0.11 | 0.12,0,1.36 | 1.72 | 2.13,0,1.88 | 2.33 | 2.95,8.871,0.000,0,1,0,0,0,0,-1,0,0,0,,0,,0,,0,0,8871,0,1
17261542752,3843,8,8,8,8,31.914,0,0,0.11 | 0.11 | 0.12,0,1.36 | 1.72 | 2.13,0,1.88 | 2.33 | 2.95,8.871,0.000,0,1,0,0,0,0,-1,0,0,0,,0,,0,,0,0,8871,0,1
17261542763,3843,8,8,8,8,31.914,0,0,0.11 | 0.11 | 0.12,0,1.36 | 1.72 | 2.13,0,1.88 | 2.33 | 2.95,8.871,0.000,0,1,0,0,0,0,-1,0,0,0,,0,,0,,0,0,8871,0,1
17261542772,3843,8,8,8,8,31.914,0,0,0.11 | 0.11 | 0.12,0,1.36 | 1.72 | 2.13,0,1.88 | 2.33 | 2.95,8.871,0.000,0,1,0,0,0,0,-1,0,0,0,,0,,0,,0,0,8871,0,1
17261542782,3843,8,8,8,8,31.914,0,0,0.11 | 0.11 | 0.12,0,1.36 | 1.72 | 2.13,0,1.88 | 2.33 | 2.95,8.871,0.000,0,1,0,0,0,0,-1,0,0,0,,0,,0,,0,0,8871,0,1
17261542792,3843,8,8,8,8,31.914,0,0,0.11 | 0.11 | 0.12,0,1.36 | 1.72 | 2.13,0,1.88 | 2.33 | 2.95,8.871,0.000,0,1,0,0,0,0,-1,0,0,0,,0,,0,,0,0,8871,0,1
17261542802,3843,8,8,8,8,31.914,0,0,0.11 | 0.11 | 0.12,0,1.36 | 1.72 | 2.13,0,1.88 | 2.33 | 2.95,8.871,0.000,0,1,0,0,0,0,-1,0,0,0,,0,,0,,0,0,8871,0,1
17261542812,3843,8,8,8,8,31.914,0,0,0.11 | 0.11 | 0.12,0,1.36 | 1.72 | 2.13,0,1.88 | 2.33 | 2.95,8.871,0.000,0,1,0,0,0,0,-1,0,0,0,,0,,0,,0,0,8871,0,1
17261542822,3843,8,8,8,8,31.914,0,0,0.11 | 0.11 | 0.12,0,1.36 | 1.72 | 2.13,0,1.88 | 2.33 | 2.95,8.871,0.000,0,1,0,0,0,0,-1,0,0,0,,0,,0,,0,0,8871,0,1
17261542832,3843,8,8,8,8,31.914,0,0,0.11 | 0.11 | 0.12,0,1.36 | 1.72 | 2.13,0,1.88 | 2.33 | 2.95,8.871,0.000,0,1,0,0,0,0,-1,0,0,0,,0,,0,,0,0,8871,0,1
17261543402,3843,8,8,8,8,31.914,0,0,0.11 | 0.11 | 0.12,0,1.36 | 1.72 | 2.13,0,1.88 | 2.33 | 2.95,8.871,0.000,0,1,0,0,0,0,-1,0,0,0,,0,,0,,0,0,8871,0,1
17261544002,3843,8,8,8,8,31.914,0,0,0.11 | 0.11 | 0.12,0,1.36 | 1.72 | 2.13,0,1.88 | 2.33 | 2.95,8.871,0.000,0,1,0,0,0,0,-1,0,0,0,,0,,0,,0,0,8871,0,1
17261544602,3843,8,8,8,8,31.914,0,0,0.11 | 0.11 | 0.12,0,1.36 | 1.72 | 2.13,0,1.88 | 2.33 | 2.95,8.871,0.000,0,1,0,0,0,0,-1,0,0,0,,0,,0,,0,0,8871,0,1
17261545202,3843,8,8,8,8,31.914,0,0,0.11 | 0.11 | 0.12,0,1.36 | 1.72 | 2.13,0,1.88 | 2.33 | 2.95,8.871,0.000,0,1,0,0,0,0,-1,0,0,0,,0,,0,,0,0,8871,0,1
17261545802,3843,8,8,8,8,31.914,0,0,0.11 | 0.11 | 0.12,0,1.36 | 1.72 | 2.13,0,1.88 | 2.33 | 2.95,8.871,0.000,0,1,0,0,0,0,-1,0,0,0,,0,,0,,0,0,8871,0,1
17261546402,3843,8,8,8,8,31.914,0,0,0.11 | 0.11 | 0.12,0,1.36 | 1.72 | 2.13,0,1.88 | 2.33 | 2.95,8.871,0.000,0,1,0,0,0,0,-1,0,0,0,,0,,0,,0,0,8871,0,1
17261547003,3843,8,8,8,8,31.914,0,0,0.11 | 0.11 | 0.12,0,1.36 | 1.72 | 2.13,0,1.88 | 2.33 | 2.95,8.871,0.000,0,1,0,0,0,0,-1,0,0,0,,0,,0,,0,0,8871,0,1
17261547602,3843,8,8,8,8,31.914,0,0,0.11 | 0.11 | 0.12,0,1.36 | 1.72 | 2.13,0,1.88 | 2.33 | 2.95,8.871,0.000,0,1,0,0,0,0,-1,0,0,0,,0,,0,,0,0,8871,0,1
17261548202,3843,8,8,8,8,31.914,0,0,0.11 | 0.11 | 0.12,0,1.36 | 1.72 | 2.13,0,1.88 | 2.33 | 2.95,8.871,0.000,0,1,0,0,0,0,-1,0,0,0,,0,,0,,0,0,8871,0,1
17261548802,3843,8,8,8,8,31.914,0,0,0.11 | 0.11 | 0.12,0,1.36 | 1.72 | 2.13,0,1.88 | 2.33 | 2.95,8.871,0.000,0,1,0,0,0,0,-1,0,0,0,,0,,0,,0,0,8871,0,1
17261549402,3843,8,8,8,8,31.914,0,0,0.11 | 0.11 | 0.12,0,1.36 | 1.72 | 2.13,0,1.88 | 2.33 | 2.95,8.871,0.000,0,1,0,0,0,0,-1,0,0,0,,0,,0,,0,0,8871,0,1
17261550002,3843,8,8,8,8,31.914,0,0,0.11 | 0.11 | 0.12,0,1.36 | 1.72 | 2.13,0,1.88 | 2.33 | 2.95,8.871,0.000,0,1,0,0,0,0,-1,0,0,0,,0,,0,,0,0,8871,0,1
17261550602,3843,8,8,8,8,31.914,0,0,0.11 | 0.11 | 0.12,0,1.36 | 1.72 | 2.13,0,1.88 | 2.33 | 2.95,8.871,0.000,0,1,0,0,0,0,-1,0,0,0,,0,,0,,0,0,8871,0,1
17261551202,3843,8,8,8,8,31.914,0,0,0.11 | 0.11 | 0.12,0,1.36 | 1.72 | 2.13,0,1.88 | 2.33 | 2.95,8.871,0.000,0,1,0,0,0,0,-1,0,0,0,,0,,0,,0,0,8871,0,1
17261551802,3843,8,8,8,8,31.914,0,0,0.11 | 0.11 | 0.12,0,1.36 | 1.72 | 2.13,0,1.88 | 2.33 | 2.95,8.871,0.000,0,1,0,0,0,0,-1,0,0,0,,0,,0,,0,0,8871,0,1
17261552402,3843,8,8,8,8,31.914,0,0,0.11 | 0.11 | 0.12,0,1.36 | 1.72 | 2.13,0,1.88 | 2.33 | 2.95,8.871,0.000,0,1,0,0,0,0,-1,0,0,0,,0,,0,,0,0,8871,0,1
17261553002,3843,8,8,8,8,31.914,0,0,0.11 | 0.11 | 0.12,0,1.36 | 1.72 | 2.13,0,1.88 | 2.33 | 2.95,8.871,0.000,0,1,0,0,0,0,-1,0,0,0,,0,,0,,0,0,8871,0,1
17261553602,3843,8,8,8,8,31.914,0,0,0.11 | 0.11 | 0.12,0,1.36 | 1.72 | 2.13,0,1.88 | 2.33 | 2.95,8.871,0.000,0,1,0,0,0,0,-1,0,0,0,,0,,0,,0,0,8871,0,1
17261554202,3843,8,8,8,8,31.914,0,0,0.11 | 0.11 | 0.12,0,1.36 | 1.72 | 2.13,0,1.88 | 2.33 | 2.95,8.871,0.000,0,1,0,0,0,0,-1,0,0,0,,0,,0,,0,0,8871,0,1
17261554802,3843,8,8,8,8,31.914,0,0,0.11 | 0.11 | 0.12,0,1.36 | 1.72 | 2.13,0,1.88 | 2.33 | 2.95,8.871,0.000,0,1,0,0,0,0,-1,0,0,0,,0,,0,,0,0,8871,0,1
17261555402,3843,8,8,8,8,31.914,0,0,0.11 | 0.11 | 0.12,0,1.36 | 1.72 | 2.13,0,1.88 | 2.33 | 2.95,8.871,0.000,0,1,0,0,0,0,-1,0,0,0,,0,,0,,0,0,8871,0,1
17261556002,3843,8,8,8,8,31.914,0,0,0.11 | 0.11 | 0.12,0,1.36 | 1.72 | 2.13,0,1.88 | 2.33 | 2.95,8.871,0.000,0,1,0,0,0,0,-1,0,0,0,,0,,0,,0,0,8871,0,1
17261556602,3843,8,8,8,8,31.914,0,0,0.11 | 0.11 | 0.12,0,1.36 | 1.72 | 2.13,0,1.88 | 2.33 | 2.95,8.871,0.000,0,1,0,0,0,0,-1,0,0,0,,0,,0,,0,0,8871,0,1
17261557202,3843,8,8,8,8,31.914,0,0,0.11 | 0.11 | 0.12,0,1.36 | 1.72 | 2.13,0,1.88 | 2.33 | 2.95,8.871,0.000,0,1,0,0,0,0,-1,0,0,0,,0,,0,,0,0,8871,0,1
17261557802,3843,8,8,8,8,31.914,0,0,0.11 | 0.11 | 0.12,0,1.36 | 1.72 | 2.13,0,1.88 | 2.33 | 2.95,8.871,0.000,0,1,0,0,0,0,-1,0,0,0,,0,,0,,0,0,8871,0,1
17261558402,3843,8,8,8,8,31.914,0,0,0.11 | 0.11 | 0.12,0,1.36 | 1.72 | 2.13,0,1.88 | 2.33 | 2.95,8.871,0.000,0,1,0,0,0,0,-1,0,0,0,,0,,0,,0,0,8871,0,1
17261559002,3843,8,8,8,8,31.914,0,0,0.11 | 0.11 | 0.12,0,1.36 | 1.72 | 2.13,0,1.88 | 2.33 | 2.95,8.871,0.000,0,1,0,0,0,0,-1,0,0,0,,0,,0,,0,0,8871,0,1
17261559602,3843,8,8,8,8,31.914,0,0,0.11 | 0.11 | 0.12,0,1.36 | 1.72 | 2.13,0,1.88 | 2.33 | 2.95,8.871,0.000,0,1,0,0,0,0,-1,0,0,0,,0,,0,,0,0,8871,0,1
17261560202,3843,8,8,8,8,31.914,0,0,0.11 | 0.11 | 0.12,0,1.36 | 1.72 | 2.13,0,1.88 | 2.33 | 2.95,8.871,0.000,0,1,0,0,0,0,-1,0,0,0,,0,,0,,0,0,8871,0,1
17261560802,3843,8,8,8,8,31.914,0,0,0.11 | 0.11 | 0.12,0,1.36 | 1.72 | 2.13,0,1.88 | 2.33 | 2.95,8.871,0.000,0,1,0,0,0,0,-1,0,0,0,,0,,0,,0,0,8871,0,1
17261561403,3843,8,8,8,8,31.914,0,0,0.11 | 0.11 | 0.12,0,1.36 | 1.72 | 2.13,0,1.88 | 2.33 | 2.95,8.871,0.000,0,1,0,0,0,0,-1,0,0,0,,0,,0,,0,0,8871,0,1
17261562002,3843,8,8,8,8,31.914,0,0,0.11 | 0.11 | 0.12,0,1.36 | 1.72 | 2.13,0,1.88 | 2.33 | 2.95,8.871,0.000,0,1,0,0,0,0,-1,0,0,0,,0,,0,,0,0,8871,0,1
17261562602,3843,8,8,8,8,31.914,0,0,0.11 | 0.11 | 0.12,0,1.36 | 1.72 | 2.13,0,1.88 | 2.33 | 2.95,8.871,0.000,0,1,0,0,0,0,-1,0,0,0,,0,,0,,0,0,8871,0,1
17261563202,3843,8,8,8,8,31.914,0,0,0.11 | 0.11 | 0.12,0,1.36 | 1.72 | 2.13,0,1.88 | 2.33 | 2.95,8.871,0.000,0,1,0,0,0,0,-1,0,0,0,,0,,0,,0,0,8871,0,1
17261563802,3843,8,8,8,8,31.914,0,0,0.11 | 0.11 | 0.12,0,1.36 | 1.72 | 2.13,0,1.88 | 2.33 | 2.95,8.871,0.000,0,1,0,0,0,0,-1,0,0,0,,0,,0,,0,0,8871,0,1
17261564402,3843,8,8,8,8,31.914,0,0,0.11 | 0.11 | 0.12,0,1.36 | 1.72 | 2.13,0,1.88 | 2.33 | 2.95,8.871,0.000,0,1,0,0,0,0,-1,0,0,0,,0,,0,,0,0,8871,0,1
17261565002,3843,8,8,8,8,31.914,0,0,0.11 | 0.11 | 0.12,0,1.36 | 1.72 | 2.13,0,1.88 | 2.33 | 2.95,8.871,0.000,0,1,0,0,0,0,-1,0,0,0,,0,,0,,0,0,8871,0,1
17261565602,3843,8,8,8,8,31.914,0,0,0.11 | 0.11 | 0.12,0,1.36 | 1.72 | 2.13,0,1.88 | 2.33 | 2.95,8.871,0.000,0,1,0,0,0,0,-1,0,0,0,,0,,0,,0,0,8871,0,1
17261566202,3843,8,8,8,8,31.914,0,0,0.11 | 0.11 | 0.12,0,1.36 | 1.72 | 2.13,0,1.88 | 2.33 | 2.95,8.871,0.000,0,1,0,0,0,0,-1,0,0,0,,0,,0,,0,0,8871,0,1
17261566802,3843,8,8,8,8,31.914,0,0,0.11 | 0.11 | 0.12,0,1.36 | 1.72 | 2.13,0,1.88 | 2.33 | 2.95,8.871,0.000,0,1,0,0,0,0,-1,0,0,0,,0,,0,,0,0,8871,0,1
17261567402,3843,8,8,8,8,31.914,0,0,0.11 | 0.11 | 0.12,0,1.36 | 1.72 | 2.13,0,1.88 | 2.33 | 2.95,8.871,0.000,0,1,0,0,0,0,-1,0,0,0,,0,,0,,0,0,8871,0,1
17261568002,3843,8,8,8,8,31.914,0,0,0.11 | 0.11 | 0.12,0,1.36 | 1.72 | 2.13,0,1.88 | 2.33 | 2.95,8.871,0.000,0,1,0,0,0,0,-1,0,0,0,,0,,0,,0,0,8871,0,1
17261568602,3843,8,8,8,8,31.914,0,0,0.11 | 0.11 | 0.12,0,1.36 | 1.72 | 2.13,0,1.88 | 2.33 | 2.95,8.871,0.000,0,1,0,0,0,0,-1,0,0,0,,0,,0,,0,0,8871,0,1
17261569202,3843,8,8,8,8,31.914,0,0,0.11 | 0.11 | 0.12,0,1.36 | 1.72 | 2.13,0,1.88 | 2.33 | 2.95,8.871,0.000,0,1,0,0,0,0,-1,0,0,0,,0,,0,,0,0,8871,0,1
17261569802,3843,8,8,8,8,31.914,0,0,0.11 | 0.11 | 0.12,0,1.36 | 1.72 | 2.13,0,1.88 | 2.33 | 2.95,8.871,0.000,0,1,0,0,0,0,-1,0,0,0,,0,,0,,0,0,8871,0,1
17261570402,3843,8,8,8,8,31.914,0,0,0.11 | 0.11 | 0.12,0,1.36 | 1.72 | 2.13,0,1.88 | 2.33 | 2.95,8.871,0.000,0,1,0,0,0,0,-1,0,0,0,,0,,0,,0,0,8871,0,1
17261571002,3843,8,8,8,8,31.914,0,0,0.11 | 0.11 | 0.12,0,1.36 | 1.72 | 2.13,0,1.88 | 2.33 | 2.95,8.871,0.000,0,1,0,0,0,0,-1,0,0,0,,0,,0,,0,0,8871,0,1
17261571602,3843,8,8,8,8,31.914,0,0,0.11 | 0.11 | 0.12,0,1.36 | 1.72 | 2.13,0,1.88 | 2.33 | 2.95,8.871,0.000,0,1,0,0,0,0,-1,0,0,0,,0,,0,,0,0,8871,0,1
17261572202,3843,8,8,8,8,31.914,0,0,0.11 | 0.11 | 0.12,0,1.36 | 1.72 | 2.13,0,1.88 | 2.33 | 2.95,8.871,0.000,0,1,0,0,0,0,-1,0,0,0,,0,,0,,0,0,8871,0,1
17261572802,3843,8,8,8,8,31.914,0,0,0.11 | 0.11 | 0.12,0,1.36 | 1.72 | 2.13,0,1.88 | 2.33 | 2.95,8.871,0.000,0,1,0,0,0,0,-1,0,0,0,,0,,0,,0,0,8871,0,1
17261573402,3843,8,8,8,8,31.914,0,0,0.11 | 0.11 | 0.12,0,1.36 | 1.72 | 2.13,0,1.88 | 2.33 | 2.95,8.871,0.000,0,1,0,0,0,0,-1,0,0,0,,0,,0,,0,0,8871,0,1
17261574002,3843,8,8,8,8,31.914,0,0,0.11 | 0.11 | 0.12,0,1.36 | 1.72 | 2.13,0,1.88 | 2.33 | 2.95,8.871,0.000,0,1,0,0,0,0,-1,0,0,0,,0,,0,,0,0,8871,0,1
17261574602,3843,8,8,8,8,31.914,0,0,0.11 | 0.11 | 0.12,0,1.36 | 1.72 | 2.13,0,1.88 | 2.33 | 2.95,8.871,0.000,0,1,0,0,0,0,-1,0,0,0,,0,,0,,0,0,8871,0,1
17261575202,3843,8,8,8,8,31.914,0,0,0.11 | 0.11 | 0.12,0,1.36 | 1.72 | 2.13,0,1.88 | 2.33 | 2.95,8.871,0.000,0,1,0,0,0,0,-1,0,0,0,,0,,0,,0,0,8871,0,1
17261575802,3843,8,8,8,8,31.914,0,0,0.11 | 0.11 | 0.12,0,1.36 | 1.72 | 2.13,0,1.88 | 2.33 | 2.95,8.871,0.000,0,1,0,0,0,0,-1,0,0,0,,0,,0,,0,0,8871,0,1
17261576402,3843,8,8,8,8,31.914,0,0,0.11 | 0.11 | 0.12,0,1.36 | 1.72 | 2.13,0,1.88 | 2.33 | 2.95,8.871,0.000,0,1,0,0,0,0,-1,0,0,0,,0,,0,,0,0,8871,0,1
17261577002,3843,8,8,8,8,31.914,0,0,0.11 | 0.11 | 0.12,0,1.36 | 1.72 | 2.13,0,1.88 | 2.33 | 2.95,8.871,0.000,0,1,0,0,0,0,-1,0,0,0,,0,,0,,0,0,8871,0,1
17261577602,3843,8,8,8,8,31.914,0,0,0.11 | 0.11 | 0.12,0,1.36 | 1.72 | 2.13,0,1.88 | 2.33 | 2.95,8.871,0.000,0,1,0,0,0,0,-1,0,0,0,,0,,0,,0,0,8871,0,1
17261578202,3843,8,8,8,8,31.914,0,0,0.11 | 0.11 | 0.12,0,1.36 | 1.72 | 2.13,0,1.88 | 2.33 | 2.95,8.871,0.000,0,1,0,0,0,0,-1,0,0,0,,0,,0,,0,0,8871,0,1
17261578802,3843,8,8,8,8,31.914,0,0,0.11 | 0.11 | 0.12,0,1.36 | 1.72 | 2.13,0,1.88 | 2.33 | 2.95,8.871,0.000,0,1,0,0,0,0,-1,0,0,0,,0,,0,,0,0,8871,0,1
17261579402,3843,8,8,8,8,31.914,0,0,0.11 | 0.11 | 0.12,0,1.36 | 1.72 | 2.13,0,1.88 | 2.33 | 2.95,8.871,0.000,0,1,0,0,0,0,-1,0,0,0,,0,,0,,0,0,8871,0,1
17261580002,3843,8,8,8,8,31.914,0,0,0.11 | 0.11 | 0.12,0,1.36 | 1.72 | 2.13,0,1.88 | 2.33 | 2.95,8.871,0.000,0,1,0,0,0,0,-1,0,0,0,,0,,0,,0,0,8871,0,1
17261580602,3843,8,8,8,8,31.914,0,0,0.11 | 0.11 | 0.12,0,1.36 | 1.72 | 2.13,0,1.88 | 2.33 | 2.95,8.871,0.000,0,1,0,0,0,0,-1,0,0,0,,0,,0,,0,0,8871,0,1
17261581202,3843,8,8,8,8,31.914,0,0,0.11 | 0.11 | 0.12,0,1.36 | 1.72 | 2.13,0,1.88 | 2.33 | 2.95,8.871,0.000,0,1,0,0,0,0,-1,0,0,0,,0,,0,,0,0,8871,0,1
17261581802,3843,8,8,8,8,31.914,0,0,0.11 | 0.11 | 0.12,0,1.36 | 1.72 | 2.13,0,1.88 | 2.33 | 2.95,8.871,0.000,0,1,0,0,0,0,-1,0,0,0,,0,,0,,0,0,8871,0,1
17261582402,3843,8,8,8,8,31.914,0,0,0.11 | 0.11 | 0.12,0,1.36 | 1.72 | 2.13,0,1.88 | 2.33 | 2.95,8.871,0.000,0,1,0,0,0,0,-1,0,0,0,,0,,0,,0,0,8871,0,1
17261583002,3843,8,8,8,8,31.914,0,0,0.11 | 0.11 | 0.12,0,1.36 | 1.72 | 2.13,0,1.88 | 2.33 | 2.95,8.871,0.000,0,1,0,0,0,0,-1,0,0,0,,0,,0,,0,0,8871,0,1
17261583602,3843,8,8,8,8,31.914,0,0,0.11 | 0.11 | 0.12,0,1.36 | 1.72 | 2.13,0,1.88 | 2.33 | 2.95,8.871,0.000,0,1,0,0,0,0,-1,0,0,0,,0,,0,,0,0,8871,0,1
17261584202,3843,8,8,8,8,31.914,0,0,0.11 | 0.11 | 0.12,0,1.36 | 1.72 | 2.13,0,1.88 | 2.33 | 2.95,8.871,0.000,0,1,0,0,0,0,-1,0,0,0,,0,,0,,0,0,8871,0,1
17261584802,3843,8,8,8,8,31.914,0,0,0.11 | 0.11 | 0.12,0,1.36 | 1.72 | 2.13,0,1.88 | 2.33 | 2.95,8.871,0.000,0,1,0,0,0,0,-1,0,0,0,,0,,0,,0,0,8871,0,1
17261585402,3843,8,8,8,8,31.914,0,0,0.11 | 0.11 | 0.12,0,1.36 | 1.72 | 2.13,0,1.88 | 2.33 | 2.95,8.871,0.000,0,1,0,0,0,0,-1,0,0,0,,0,,0,,0,0,8871,0,1
17261586002,3843,8,8,8,8,31.914,0,0,0.11 | 0.11 | 0.12,0,1.36 | 1.72 | 2.13,0,1.88 | 2.33 | 2.95,8.871,0.000,0,1,0,0,0,0,-1,0,0,0,,0,,0,,0,0,8871,0,1
17261586602,3843,8,8,8,8,31.914,0,0,0.11 | 0.11 | 0.12,0,1.36 | 1.72 | 2.13,0,1.88 | 2.33 | 2.95,8.871,0.000,0,1,0,0,0,0,-1,0,0,0,,0,,0,,0,0,8871,0,1
17261587202,3843,8,8,8,8,31.914,0,0,0.11 | 0.11 | 0.12,0,1.36 | 1.72 | 2.13,0,1.88 | 2.33 | 2.95,8.871,0.000,0,1,0,0,0,0,-1,0,0,0,,0,,0,,0,0,8871,0,1
17261587802,3843,8,8,8,8,31.914,0,0,0.11 | 0.11 | 0.12,0,1.36 | 1.72 | 2.13,0,1.88 | 2.33 | 2.95,8.871,0.000,0,1,0,0,0,0,-1,0,0,0,,0,,0,,0,0,8871,0,1
17261588402,3843,8,8,8,8,31.914,0,0,0.11 | 0.11 | 0.12,0,1.36 | 1.72 | 2.13,0,1.88 | 2.33 | 2.95,8.871,0.000,0,1,0,0,0,0,-1,0,0,0,,0,,0,,0,0,8871,0,1
17261589002,3843,8,8,8,8,31.914,0,0,0.11 | 0.11 | 0.12,0,1.36 | 1.72 | 2.13,0,1.88 | 2.33 | 2.95,8.871,0.000,0,1,0,0,0,0,-1,0,0,0,,0,,0,,0,0,8871,0,1
17261589602,3843,8,8,8,8,31.914,0,0,0.11 | 0.11 | 0.12,0,1.36 | 1.72 | 2.13,0,1.88 | 2.33 | 2.95,8.871,0.000,0,1,0,0,0,0,-1,0,0,0,,0,,0,,0,0,8871,0,1
17261590202,3843,8,8,8,8,31.914,0,0,0.11 | 0.11 | 0.12,0,1.36 | 1.72 | 2.13,0,1.88 | 2.33 | 2.95,8.871,0.000,0,1,0,0,0,0,-1,0,0,0,,0,,0,,0,0,8871,0,1
17261590802,3843,8,8,8,8,31.914,0,0,0.11 | 0.11 | 0.12,0,1.36 | 1.72 | 2.13,0,1.88 | 2.33 | 2.95,8.871,0.000,0,1,0,0,0,0,-1,0,0,0,,0,,0,,0,0,8871,0,1
17261591403,3843,8,8,8,8,31.914,0,0,0.11 | 0.11 | 0.12,0,1.36 | 1.72 | 2.13,0,1.88 | 2.33 | 2.95,8.871,0.000,0,1,0,0,0,0,-1,0,0,0,,0,,0,,0,0,8871,0,1
17261592002,3843,8,8,8,8,31.914,0,0,0.11 | 0.11 | 0.12,0,1.36 | 1.72 | 2.13,0,1.88 | 2.33 | 2.95,8.871,0.000,0,1,0,0,0,0,-1,0,0,0,,0,,0,,0,0,8871,0,1
17261592602,3843,8,8,8,8,31.914,0,0,0.11 | 0.11 | 0.12,0,1.36 | 1.72 | 2.13,0,1.88 | 2.33 | 2.95,8.871,0.000,0,1,0,0,0,0,-1,0,0,0,,0,,0,,0,0,8871,0,1
17261593202,3843,8,8,8,8,31.914,0,0,0.11 | 0.11 | 0.12,0,1.36 | 1.72 | 2.13,0,1.88 | 2.33 | 2.95,8.871,0.000,0,1,0,0,0,0,-1,0,0,0,,0,,0,,0,0,8871,0,1
17261593802,3843,8,8,8,8,31.914,0,0,0.11 | 0.11 | 0.12,0,1.36 | 1.72 | 2.13,0,1.88 | 2.33 | 2.95,8.871,0.000,0,1,0,0,0,0,-1,0,0,0,,0,,0,,0,0,8871,0,1
17261594402,3843,8,8,8,8,31.914,0,0,0.11 | 0.11 | 0.12,0,1.36 | 1.72 | 2.13,0,1.88 | 2.33 | 2.95,8.871,0.000,0,1,0,0,0,0,-1,0,0,0,,0,,0,,0,0,8871,0,1
17261595002,3843,8,8,8,8,31.914,0,0,0.11 | 0.11 | 0.12,0,1.36 | 1.72 | 2.13,0,1.88 | 2.33 | 2.95,8.871,0.000,0,1,0,0,0,0,-1,0,0,0,,0,,0,,0,0,8871,0,1
17261595602,3843,8,8,8,8,31.914,0,0,0.11 | 0.11 | 0.12,0,1.36 | 1.72 | 2.13,0,1.88 | 2.33 | 2.95,8.871,0.000,0,1,0,0,0,0,-1,0,0,0,,0,,0,,0,0,8871,0,1
17261596202,3843,8,8,8,8,31.914,0,0,0.11 | 0.11 | 0.12,0,1.36 | 1.72 | 2.13,0,1.88 | 2.33 | 2.95,8.871,0.000,0,1,0,0,0,0,-1,0,0,0,,0,,0,,0,0,8871,0,1
17261596802,3843,8,8,8,8,31.914,0,0,0.11 | 0.11 | 0.12,0,1.36 | 1.72 | 2.13,0,1.88 | 2.33 | 2.95,8.871,0.000,0,1,0,0,0,0,-1,0,0,0,,0,,0,,0,0,8871,0,1
17261597402,3843,8,8,8,8,31.914,0,0,0.11 | 0.11 | 0.12,0,1.36 | 1.72 | 2.13,0,1.88 | 2.33 | 2.95,8.871,0.000,0,1,0,0,0,0,-1,0,0,0,,0,,0,,0,0,8871,0,1
17261598002,3843,8,8,8,8,31.914,0,0,0.11 | 0.11 | 0.12,0,1.36 | 1.72 | 2.13,0,1.88 | 2.33 | 2.95,8.871,0.000,0,1,0,0,0,0,-1,0,0,0,,0,,0,,0,0,8871,0,1
17261598602,3843,8,8,8,8,31.914,0,0,0.11 | 0.11 | 0.12,0,1.36 | 1.72 | 2.13,0,1.88 | 2.33 | 2.95,8.871,0.000,0,1,0,0,0,0,-1,0,0,0,,0,,0,,0,0,8871,0,1
17261599202,3843,8,8,8,8,31.914,0,0,0.11 | 0.11 | 0.12,0,1.36 | 1.72 | 2.13,0,1.88 | 2.33 | 2.95,8.871,0.000,0,1,0,0,0,0,-1,0,0,0,,0,,0,,0,0,8871,0,1
17261599802,3843,8,8,8,8,31.914,0,0,0.11 | 0.11 | 0.12,0,1.36 | 1.72 | 2.13,0,1.88 | 2.33 | 2.95,8.871,0.000,0,1,0,0,0,0,-1,0,0,0,,0,,0,,0,0,8871,0,1
17261600402,3843,8,8,8,8,31.914,0,0,0.11 | 0.11 | 0.12,0,1.36 | 1.72 | 2.13,0,1.88 | 2.33 | 2.95,8.871,0.000,0,1,0,0,0,0,-1,0,0,0,,0,,0,,0,0,8871,0,1
17261601002,3843,8,8,8,8,31.914,0,0,0.11 | 0.11 | 0.12,0,1.36 | 1.72 | 2.13,0,1.88 | 2.33 | 2.95,8.871,0.000,0,1,0,0,0,0,-1,0,0,0,,0,,0,,0,0,8871,0,1
17261601602,3843,8,8,8,8,31.914,0,0,0.11 | 0.11 | 0.12,0,1.36 | 1.72 | 2.13,0,1.88 | 2.33 | 2.95,8.871,0.000,0,1,0,0,0,0,-1,0,0,0,,0,,0,,0,0,8871,0,1
17261602203,3843,8,8,8,8,31.914,0,0,0.11 | 0.11 | 0.12,0,1.36 | 1.72 | 2.13,0,1.88 | 2.33 | 2.95,8.871,0.000,0,1,0,0,0,0,-1,0,0,0,,0,,0,,0,0,8871,0,1
17261602802,3843,8,8,8,8,31.914,0,0,0.11 | 0.11 | 0.12,0,1.36 | 1.72 | 2.13,0,1.88 | 2.33 | 2.95,8.871,0.000,0,1,0,0,0,0,-1,0,0,0,,0,,0,,0,0,8871,0,1
17261603402,3843,8,8,8,8,31.914,0,0,0.11 | 0.11 | 0.12,0,1.36 | 1.72 | 2.13,0,1.88 | 2.33 | 2.95,8.871,0.000,0,1,0,0,0,0,-1,0,0,0,,0,,0,,0,0,8871,0,1
17261603915,3843,8,8,8,8,31.914,0,0,0.11 | 0.11 | 0.12,0,1.36 | 1.72 | 2.13,0,1.88 | 2.33 | 2.95,8.871,0.000,0,1,0,0,0,0,-1,0,0,0,,0,,0,,0,0,8871,0,1
17261603916,3843,8,8,8,8,31.914,0,0,0.11 | 0.11 | 0.12,0,1.36 | 1.72 | 2.13,0,1.88 | 2.33 | 2.95,8.871,0.000,0,1,0,0,0,0,-1,0,0,0,,0,,0,,0,0,8871,0,1
17261603917,3843,8,8,8,8,31.914,0,0,0.11 | 0.11 | 0.12,0,1.36 | 1.72 | 2.13,0,1.88 | 2.33 | 2.95,8.871,0.000,0,1,0,0,0,0,-1,0,0,0,,0,,0,,0,0,8871,0,1
17261603918,3843,8,8,8,8,31.762,0,0,0.11 | 0.11 | 0.12,0,1.36 | 1.72 | 2.13,0,1.88 | 2.33 | 2.95,8.871,0.000,0,1,0,0,0,0,-1,0,0,0,,0,,0,,0,0,8871,0,1
17261603919,3843,8,8,8,8,31.762,0,0,0.11 | 0.11 | 0.12,0,1.36 | 1.72 | 2.13,0,1.88 | 2.33 | 2.95,8.871,0.000,0,1,0,0,0,0,-1,0,0,0,,0,,0,,0,0,8871,0,1
17261603920,3843,8,8,8,8,31.762,0,0,0.11 | 0.11 | 0.12,0,1.36 | 1.72 | 2.13,0,1.88 | 2.33 | 2.95,8.871,0.000,0,1,0,0,0,0,-1,0,0,0,,0,,0,,0,0,8871,0,1
17261603921,3843,8,8,8,8,31.762,0,0,0.11 | 0.11 | 0.12,0,1.36 | 1.72 | 2.13,0,1.88 | 2.33 | 2.95,8.871,0.000,0,1,0,0,0,0,-1,0,0,0,,0,,0,,0,0,8871,0,1
17261603922,3843,8,8,8,8,31.762,0,0,0.11 | 0.11 | 0.12,0,1.36 | 1.72 | 2.13,0,1.88 | 2.33 | 2.95,8.871,0.000,0,1,0,0,0,0,-1,0,0,0,,0,,0,,0,0,8871,0,1
17261603923,3843,8,8,8,8,31.762,0,0,0.11 | 0.11 | 0.12,0,1.36 | 1.72 | 2.13,0,1.88 | 2.33 | 2.95,8.871,0.000,0,1,0,0,0,0,-1,0,0,0,,0,,0,,0,0,8871,0,1
17261603924,3843,8,8,8,8,31.762,0,0,0.11 | 0.11 | 0.12,0,1.36 | 1.72 | 2.13,0,1.88 | 2.33 | 2.95,8.871,0.000,0,1,0,0,0,0,-1,0,0,0,,0,,0,,0,0,8871,0,1
17261603925,3843,8,8,8,8,31.762,0,0,0.11 | 0.11 | 0.12,0,1.36 | 1.72 | 2.13,0,1.88 | 2.33 | 2.95,8.871,0.000,0,1,0,0,0,0,-1,0,0,0,,0,,0,,0,0,8871,0,1
17261603926,3843,8,8,8,8,31.762,0,0,0.11 | 0.11 | 0.12,0,1.36 | 1.72 | 2.13,0,1.88 | 2.33 | 2.95,8.871,0.000,0,1,0,0,0,0,-1,0,0,0,,0,,0,,0,0,8871,0,1
17261603927,3843,8,8,8,8,31.762,0,0,0.11 | 0.11 | 0.12,0,1.36 | 1.72 | 2.13,0,1.88 | 2.33 | 2.95,8.871,0.000,0,1,0,0,0,0,-1,0,0,0,,0,,0,,0,0,8871,0,1
17261603928,3843,8,8,8,8,30.965,0,0,0.11 | 0.11 | 0.12,0,1.36 | 1.72 | 2.13,0,1.88 | 2.33 | 2.95,8.871,0.000,0,1,0,0,0,0,-1,0,0,0,,0,,0,,0,0,8871,0,1
17261603929,3843,8,8,8,8,30.965,0,0,0.11 | 0.11 | 0.12,0,1.36 | 1.72 | 2.13,0,1.88 | 2.33 | 2.95,8.871,0.000,0,1,0,0,0,0,-1,0,0,0,,0,,0,,0,0,8871,0,1
17261603930,3843,8,8,8,8,30.965,0,0,0.11 | 0.11 | 0.12,0,1.36 | 1.72 | 2.13,0,1.88 | 2.33 | 2.95,8.871,0.000,0,1,0,0,0,0,-1,0,0,0,,0,,0,,0,0,8871,0,1
17261603931,3843,8,8,8,8,30.965,0,0,0.11 | 0.11 | 0.12,0,1.36 | 1.72 | 2.13,0,1.88 | 2.33 | 2.95,8.871,0.000,0,1,0,0,0,0,-1,0,0,0,,0,,0,,0,0,8871,0,1
17261603932,3843,8,8,8,8,30.965,0,0,0.11 | 0.11 | 0.12,0,1.36 | 1.72 | 2.13,0,1.88 | 2.33 | 2.95,8.871,0.000,0,1,0,0,0,0,-1,0,0,0,,0,,0,,0,0,8871,0,1
17261603933,3843,8,8,8,8,30.965,0,0,0.11 | 0.11 | 0.12,0,1.36 | 1.72 | 2.13,0,1.88 | 2.33 | 2.95,8.871,0.000,0,1,0,0,0,0,-1,0,0,0,,0,,0,,0,0,8871,0,1
17261603934,3843,8,8,8,8,30.965,0,0,0.11 | 0.11 | 0.12,0,1.36 | 1.72 | 2.13,0,1.88 | 2.33 | 2.95,8.871,0.000,0,1,0,0,0,0,-1,0,0,0,,0,,0,,0,0,8871,0,1
17261603935,3843,8,8,8,8,30.965,0,0,0.11 | 0.11 | 0.12,0,1.36 | 1.72 | 2.13,0,1.88 | 2.33 | 2.95,8.871,0.000,0,1,0,0,0,0,-1,0,0,0,,0,,0,,0,0,8871,0,1
17261603936,3843,8,8,8,8,30.965,0,0,0.11 | 0.11 | 0.12,0,1.36 | 1.72 | 2.13,0,1.88 | 2.33 | 2.95,8.871,0.000,0,1,0,0,0,0,-1,0,0,0,,0,,0,,0,0,8871,0,1
17261603937,3843,8,8,8,8,30.965,0,0,0.11 | 0.11 | 0.12,0,1.36 | 1.72 | 2.13,0,1.88 | 2.33 | 2.95,8.871,0.000,0,1,0,0,0,0,-1,0,0,0,,0,,0,,0,0,8871,0,1
17261603938,3843,8,8,8,8,29.903,0,0,0.11 | 0.11 | 0.12,0,1.36 | 1.72 | 2.13,0,1.88 | 2.33 | 2.95,8.871,0.000,0,1,0,0,0,0,-1,0,0,0,,0,,0,,0,0,8871,0,1
17261603939,3843,8,8,8,8,29.903,0,0,0.11 | 0.11 | 0.12,0,1.36 | 1.72 | 2.13,0,1.88 | 2.33 | 2.95,8.871,0.000,0,1,0,0,0,0,-1,0,0,0,,0,,0,,0,0,8871,0,1
17261603940,3843,8,8,8,8,29.903,0,0,0.11 | 0.11 | 0.12,0,1.36 | 1.72 | 2.13,0,1.88 | 2.33 | 2.95,8.871,0.000,0,1,0,0,0,0,-1,0,0,0,,0,,0,,0,0,8871,0,1
17261603941,3843,8,8,8,8,29.903,0,0,0.11 | 0.11 | 0.12,0,1.36 | 1.72 | 2.13,0,1.88 | 2.33 | 2.95,8.871,0.000,0,1,0,0,0,0,-1,0,0,0,,0,,0,,0,0,8871,0,1
17261603942,3843,8,8,8,8,29.903,0,0,0.11 | 0.11 | 0.12,0,1.36 | 1.72 | 2.13,0,1.88 | 2.33 | 2.95,8.871,0.000,0,1,0,0,0,0,-1,0,0,0,,0,,0,,0,0,8871,0,1
17261603943,3843,8,8,8,8,29.903,0,0,0.11 | 0.11 | 0.12,0,1.36 | 1.72 | 2.13,0,1.88 | 2.33 | 2.95,8.871,0.000,0,1,0,0,0,0,-1,0,0,0,,0,,0,,0,0,8871,0,1
17261603944,3843,8,8,8,8,29.903,0,0,0.11 | 0.11 | 0.12,0,1.36 | 1.72 | 2.13,0,1.88 | 2.33 | 2.95,8.871,0.000,0,1,0,0,0,0,-1,0,0,0,,0,,0,,0,0,8871,0,1
17261603945,3843,8,8,8,8,29.903,0,0,0.11 | 0.11 | 0.12,0,1.36 | 1.72 | 2.13,0,1.88 | 2.33 | 2.95,8.871,0.000,0,1,0,0,0,0,-1,0,0,0,,0,,0,,0,0,8871,0,1
17261603946,3843,8,8,8,8,29.903,0,0,0.11 | 0.11 | 0.12,0,1.36 | 1.72 | 2.13,0,1.88 | 2.33 | 2.95,8.871,0.000,0,1,0,0,0,0,-1,0,0,0,,0,,0,,0,0,8871,0,1
17261603947,3843,8,8,8,8,29.903,0,0,0.11 | 0.11 | 0.12,0,1.36 | 1.72 | 2.13,0,1.88 | 2.33 | 2.95,8.871,0.000,0,1,0,0,0,0,-1,0,0,0,,0,,0,,0,0,8871,0,1
17261603948,3843,8,8,8,8,28.84,0,0,0.11 | 0.11 | 0.12,0,1.36 | 1.72 | 2.13,0,1.88 | 2.33 | 2.95,8.871,0.000,0,1,0,0,0,0,-1,0,0,0,,0,,0,,0,0,8871,0,1
17261603949,3843,8,8,8,8,28.84,0,0,0.11 | 0.11 | 0.12,0,1.36 | 1.72 | 2.13,0,1.88 | 2.33 | 2.95,8.871,0.000,0,1,0,0,0,0,-1,0,0,0,,0,,0,,0,0,8871,0,1
17261603950,3843,8,8,8,8,28.84,0,0,0.11 | 0.11 | 0.12,0,1.36 | 1.72 | 2.13,0,1.88 | 2.33 | 2.95,8.871,0.000,0,1,0,0,0,0,-1,0,0,0,,0,,0,,0,0,8871,0,1
17261603951,3843,8,8,8,8,28.84,0,0,0.11 | 0.11 | 0.12,0,1.36 | 1.72 | 2.13,0,1.88 | 2.33 | 2.95,8.871,0.000,0,1,0,0,0,0,-1,0,0,0,,0,,0,,0,0,8871,0,1
17261603952,3843,8,8,8,8,28.84,0,0,0.11 | 0.11 | 0.12,0,1.36 | 1.72 | 2.13,0,1.88 | 2.33 | 2.95,8.871,0.000,0,1,0,0,0,0,-1,0,0,0,,0,,0,,0,0,8871,0,1
17261603953,3843,8,8,8,8,28.84,0,0,0.11 | 0.11 | 0.12,0,1.36 | 1.72 | 2.13,0,1.88 | 2.33 | 2.95,8.871,0.000,0,1,0,0,0,0,-1,0,0,0,,0,,0,,0,0,8871,0,1
17261603954,3843,8,8,8,8,28.84,0,0,0.11 | 0.11 | 0.12,0,1.36 | 1.72 | 2.13,0,1.88 | 2.33 | 2.95,8.871,0.000,0,1,0,0,0,0,-1,0,0,0,,0,,0,,0,0,8871,0,1
17261603955,3843,8,8,8,8,28.84,0,0,0.11 | 0.11 | 0.12,0,1.36 | 1.72 | 2.13,0,1.88 | 2.33 | 2.95,8.871,0.000,0,1,0,0,0,0,-1,0,0,0,,0,,0,,0,0,8871,0,1
17261603956,3843,8,8,8,8,28.84,0,0,0.11 | 0.11 | 0.12,0,1.36 | 1.72 | 2.13,0,1.88 | 2.33 | 2.95,8.871,0.000,0,1,0,0,0,0,-1,0,0,0,,0,,0,,0,0,8871,0,1
17261603957,3843,8,8,8,8,28.84,0,0,0.11 | 0.11 | 0.12,0,1.36 | 1.72 | 2.13,0,1.88 | 2.33 | 2.95,8.871,0.000,0,1,0,0,0,0,-1,0,0,0,,0,,0,,0,0,8871,0,1
17261603958,3843,8,8,8,8,27.777,0,0,0.11 | 0.11 | 0.12,0,1.36 | 1.72 | 2.13,0,1.88 | 2.33 | 2.95,8.871,0.000,0,1,0,0,0,0,-1,0,0,0,,0,,0,,0,0,8871,0,1
17261603959,3843,8,8,8,8,27.777,0,0,0.11 | 0.11 | 0.12,0,1.36 | 1.72 | 2.13,0,1.88 | 2.33 | 2.95,8.871,0.000,0,1,0,0,0,0,-1,0,0,0,,0,,0,,0,0,8871,0,1
17261603960,3843,8,8,8,8,27.777,0,0,0.11 | 0.11 | 0.12,0,1.36 | 1.72 | 2.13,0,1.88 | 2.33 | 2.95,8.871,0.000,0,1,0,0,0,0,-1,0,0,0,,0,,0,,0,0,8871,0,1
17261603961,3843,8,8,8,8,27.777,0,0,0.11 | 0.11 | 0.12,0,1.36 | 1.72 | 2.13,0,1.88 | 2.33 | 2.95,8.871,0.000,0,1,0,0,0,0,-1,0,0,0,,0,,0,,0,0,8871,0,1
17261603962,3843,8,8,8,8,27.777,0,0,0.11 | 0.11 | 0.12,0,1.36 | 1.72 | 2.13,0,1.88 | 2.33 | 2.95,8.871,0.000,0,1,0,0,0,0,-1,0,0,0,,0,,0,,0,0,8871,0,1
17261603963,3843,8,8,8,8,27.777,0,0,0.11 | 0.11 | 0.12,0,1.36 | 1.72 | 2.13,0,1.88 | 2.33 | 2.95,8.871,0.000,0,1,0,0,0,0,-1,0,0,0,,0,,0,,0,0,8871,0,1
17261603964,3843,8,8,8,8,27.777,0,0,0.11 | 0.11 | 0.12,0,1.36 | 1.72 | 2.13,0,1.88 | 2.33 | 2.95,8.871,0.000,0,1,0,0,0,0,-1,0,0,0,,0,,0,,0,0,8871,0,1
17261603965,3843,8,8,8,8,27.777,0,0,0.11 | 0.11 | 0.12,0,1.36 | 1.72 | 2.13,0,1.88 | 2.33 | 2.95,8.871,0.000,0,1,0,0,0,0,-1,0,0,0,,0,,0,,0,0,9137.25,0,1
17261603966,3843,8,8,8,8,27.777,0,0,0.11 | 0.11 | 0.12,0,1.36 | 1.72 | 2.13,0,1.88 | 2.33 | 2.95,8.871,0.000,0,1,0,0,0,0,-1,0,0,0,,0,,0,,0,0,9137.25,0,1
17261603967,3843,8,8,8,8,27.777,0,0,0.11 | 0.11 | 0.12,0,1.36 | 1.72 | 2.13,0,1.88 | 2.33 | 2.95,8.871,0.000,0,1,0,0,0,0,-1,0,0,0,,0,,0,,0,0,9137.25,0,1
17261603968,3843,8,8,8,8,31.773,0,0,0.11 | 0.11 | 0.12,0,1.36 | 1.77 | 2.33,0,1.72 | 2.26 | 2.95,9.137,0.000,0,1,0,0,0,0,-1,0,0,0,,0,,0,,0,0,9137.25,0,1
17261603969,3843,8,8,8,8,31.773,0,0,0.11 | 0.11 | 0.12,0,1.36 | 1.77 | 2.33,0,1.72 | 2.26 | 2.95,9.137,0.000,0,1,0,0,0,0,-1,0,0,0,,0,,0,,0,0,9137.25,0,1
17261603970,3843,8,8,8,8,31.773,0,0,0.11 | 0.11 | 0.12,0,1.36 | 1.77 | 2.33,0,1.72 | 2.26 | 2.95,9.137,0.000,0,1,0,0,0,0,-1,0,0,0,,0,,0,,0,0,9137.25,0,1
17261603971,3843,8,8,8,8,31.773,0,0,0.11 | 0.11 | 0.12,0,1.36 | 1.77 | 2.33,0,1.72 | 2.26 | 2.95,9.137,0.000,0,1,0,0,0,0,-1,0,0,0,,0,,0,,0,0,9137.25,0,1
17261603972,3843,8,8,8,8,31.773,0,0,0.11 | 0.11 | 0.12,0,1.36 | 1.77 | 2.33,0,1.72 | 2.26 | 2.95,9.137,0.000,0,1,0,0,0,0,-1,0,0,0,,0,,0,,0,0,9137.25,0,1
17261603973,3843,8,8,8,8,31.773,0,0,0.11 | 0.11 | 0.12,0,1.36 | 1.77 | 2.33,0,1.72 | 2.26 | 2.95,9.137,0.000,0,1,0,0,0,0,-1,0,0,0,,0,,0,,0,0,9137.25,0,1
17261603974,3843,8,8,8,8,31.773,0,0,0.11 | 0.11 | 0.12,0,1.36 | 1.77 | 2.33,0,1.72 | 2.26 | 2.95,9.137,0.000,0,1,0,0,0,0,-1,0,0,0,,0,,0,,0,0,9137.25,0,1
17261603975,3843,8,8,8,8,31.773,0,0,0.11 | 0.11 | 0.12,0,1.36 | 1.77 | 2.33,0,1.72 | 2.26 | 2.95,9.137,0.000,0,1,0,0,0,0,-1,0,0,0,,0,,0,,0,0,9137.25,0,1
17261603976,3843,8,8,8,8,31.773,0,0,0.11 | 0.11 | 0.12,0,1.36 | 1.77 | 2.33,0,1.72 | 2.26 | 2.95,9.137,0.000,0,1,0,0,0,0,-1,0,0,0,,0,,0,,0,0,9137.25,0,1
17261603977,3843,8,8,8,8,31.773,0,0,0.11 | 0.11 | 0.12,0,1.36 | 1.77 | 2.33,0,1.72 | 2.26 | 2.95,9.137,0.000,0,1,0,0,0,0,-1,0,0,0,,0,,0,,0,0,9137.25,0,1
17261603978,3843,8,8,8,8,30.718,0,0,0.11 | 0.11 | 0.12,0,1.36 | 1.77 | 2.33,0,1.72 | 2.26 | 2.95,9.137,0.000,0,1,0,0,0,0,-1,0,0,0,,0,,0,,0,0,9137.25,0,1
17261603979,3843,8,8,8,8,30.718,0,0,0.11 | 0.11 | 0.12,0,1.36 | 1.77 | 2.33,0,1.72 | 2.26 | 2.95,9.137,0.000,0,1,0,0,0,0,-1,0,0,0,,0,,0,,0,0,9137.25,0,1
17261603980,3843,8,8,8,8,30.718,0,0,0.11 | 0.11 | 0.12,0,1.36 | 1.77 | 2.33,0,1.72 | 2.26 | 2.95,9.137,0.000,0,1,0,0,0,0,-1,0,0,0,,0,,0,,0,0,9137.25,0,1
17261603981,3843,8,8,8,8,30.718,0,0,0.11 | 0.11 | 0.12,0,1.36 | 1.77 | 2.33,0,1.72 | 2.26 | 2.95,9.137,0.000,0,1,0,0,0,0,-1,0,0,0,,0,,0,,0,0,9137.25,0,1
17261603982,3843,8,8,8,8,30.718,0,0,0.11 | 0.11 | 0.12,0,1.36 | 1.77 | 2.33,0,1.72 | 2.26 | 2.95,9.137,0.000,0,1,0,0,0,0,-1,0,0,0,,0,,0,,0,0,9137.25,0,1
17261603983,3843,8,8,8,8,30.718,0,0,0.11 | 0.11 | 0.12,0,1.36 | 1.77 | 2.33,0,1.72 | 2.26 | 2.95,9.137,0.000,0,1,0,0,0,0,-1,0,0,0,,0,,0,,0,0,9137.25,0,1
17261603984,3843,8,8,8,8,30.718,0,0,0.11 | 0.11 | 0.12,0,1.36 | 1.77 | 2.33,0,1.72 | 2.26 | 2.95,9.137,0.000,0,1,0,0,0,0,-1,0,0,0,,0,,0,,0,0,9137.25,0,1
17261603985,3843,8,8,8,8,30.718,0,0,0.11 | 0.11 | 0.12,0,1.36 | 1.77 | 2.33,0,1.72 | 2.26 | 2.95,9.137,0.000,0,1,0,0,0,0,-1,0,0,0,,0,,0,,0,0,9137.25,0,1
17261603986,3843,8,8,8,8,30.718,0,0,0.11 | 0.11 | 0.12,0,1.36 | 1.77 | 2.33,0,1.72 | 2.26 | 2.95,9.137,0.000,0,1,0,0,0,0,-1,0,0,0,,0,,0,,0,0,9137.25,0,1
17261603987,3843,8,8,8,8,30.718,0,0,0.11 | 0.11 | 0.12,0,1.36 | 1.77 | 2.33,0,1.72 | 2.26 | 2.95,9.137,0.000,0,1,0,0,0,0,-1,0,0,0,,0,,0,,0,0,9137.25,0,1
17261603988,3843,8,8,8,8,29.655,0,0,0.11 | 0.11 | 0.12,0,1.36 | 1.77 | 2.33,0,1.72 | 2.26 | 2.95,9.137,0.000,0,1,0,0,0,0,-1,0,0,0,,0,,0,,0,0,9137.25,0,1
17261603989,3843,8,8,8,8,29.655,0,0,0.11 | 0.11 | 0.12,0,1.36 | 1.77 | 2.33,0,1.72 | 2.26 | 2.95,9.137,0.000,0,1,0,0,0,0,-1,0,0,0,,0,,0,,0,0,9137.25,0,1
